{"textures":{"0":"modelengine:entity/nocsy_skeleton_archer_end"},"elements":[{"name":"cube","from":[7.1226435,6.907057,3.7166677],"to":[8.877356,7.468009,6.6982594],"rotation":{"angle":0.0,"axis":"x","origin":[8.65412,8.160727,5.7214346]},"faces":{"down":{"uv":[4.125,2.5,3.75,3.125],"rotation":0,"texture":"#0","tintindex":0},"east":{"uv":[6.0,3.75,6.625,3.875],"rotation":0,"texture":"#0","tintindex":0},"north":{"uv":[4.875,2.5,5.25,2.625],"rotation":0,"texture":"#0","tintindex":0},"south":{"uv":[5.5,2.375,5.875,2.5],"rotation":0,"texture":"#0","tintindex":0},"up":{"uv":[4.125,2.5,3.75,1.875],"rotation":0,"texture":"#0","tintindex":0},"west":{"uv":[6.125,1.125,6.75,1.25],"rotation":0,"texture":"#0","tintindex":0}}},{"name":"cube","from":[6.102644,6.907057,5.996668],"to":[9.897356,8.24801,6.6982594],"rotation":{"angle":0.0,"axis":"x","origin":[8.35412,8.160727,5.7214346]},"faces":{"down":{"uv":[6.5625,1.5,5.75,1.625],"rotation":0,"texture":"#0","tintindex":0},"east":{"uv":[1.0,7.25,1.125,7.5625],"rotation":0,"texture":"#0","tintindex":0},"north":{"uv":[3.75,0.375,4.5625,0.6875],"rotation":0,"texture":"#0","tintindex":0},"south":{"uv":[3.75,0.75,4.5625,1.0625],"rotation":0,"texture":"#0","tintindex":0},"up":{"uv":[6.4375,4.0,5.625,3.875],"rotation":0,"texture":"#0","tintindex":0},"west":{"uv":[7.25,1.0,7.375,1.3125],"rotation":0,"texture":"#0","tintindex":0}}},{"name":"cube","from":[7.1226435,7.4794574,3.7166677],"to":[8.877356,7.8114495,4.0403795],"rotation":{"angle":0.0,"axis":"x","origin":[8.65412,8.160727,5.7214346]},"faces":{"down":{"uv":[8.375,3.0,8.0,3.0625],"rotation":0,"texture":"#0","tintindex":0},"east":{"uv":[0.75,8.75,0.8125,8.8125],"rotation":0,"texture":"#0","tintindex":0},"north":{"uv":[8.0,2.625,8.375,2.6875],"rotation":0,"texture":"#0","tintindex":0},"south":{"uv":[8.0,2.75,8.375,2.8125],"rotation":0,"texture":"#0","tintindex":0},"up":{"uv":[8.375,2.9375,8.0,2.875],"rotation":0,"texture":"#0","tintindex":0},"west":{"uv":[8.75,0.75,8.8125,0.8125],"rotation":0,"texture":"#0","tintindex":0}}},{"name":"cube","from":[8.355571,6.901333,3.8005502],"to":[9.500371,7.473733,6.6818705],"rotation":{"angle":22.5,"axis":"y","origin":[9.071071,7.4021835,5.32242]},"faces":{"down":{"uv":[1.0,4.875,0.75,5.5],"rotation":0,"texture":"#0","tintindex":0},"east":{"uv":[6.25,0.75,6.875,0.875],"rotation":0,"texture":"#0","tintindex":0},"north":{"uv":[6.625,7.75,6.875,7.875],"rotation":0,"texture":"#0","tintindex":0},"south":{"uv":[7.75,6.625,8.0,6.75],"rotation":0,"texture":"#0","tintindex":0},"up":{"uv":[0.75,5.5,0.5,4.875],"rotation":0,"texture":"#0","tintindex":0},"west":{"uv":[6.25,0.875,6.875,1.0],"rotation":0,"texture":"#0","tintindex":0}}},{"name":"cube","from":[8.922247,7.410769,3.794826],"to":[9.506096,7.822897,6.172435],"rotation":{"angle":22.5,"axis":"y","origin":[9.071071,7.4021835,5.32242]},"faces":{"down":{"uv":[6.875,4.375,6.75,4.875],"rotation":0,"texture":"#0","tintindex":0},"east":{"uv":[7.75,6.75,8.25,6.8125],"rotation":0,"texture":"#0","tintindex":0},"north":{"uv":[0.25,8.625,0.375,8.6875],"rotation":0,"texture":"#0","tintindex":0},"south":{"uv":[8.625,0.25,8.75,0.3125],"rotation":0,"texture":"#0","tintindex":0},"up":{"uv":[6.875,3.0,6.75,2.5],"rotation":0,"texture":"#0","tintindex":0},"west":{"uv":[6.875,7.75,7.375,7.8125],"rotation":0,"texture":"#0","tintindex":0}}},{"name":"cube","from":[6.499629,6.901333,3.8005502],"to":[7.6444287,7.473733,6.6818705],"rotation":{"angle":-22.5,"axis":"y","origin":[6.9289293,7.4021835,5.32242]},"faces":{"down":{"uv":[3.25,4.875,3.0,5.5],"rotation":0,"texture":"#0","tintindex":0},"east":{"uv":[6.25,1.875,6.875,2.0],"rotation":0,"texture":"#0","tintindex":0},"north":{"uv":[7.75,6.875,8.0,7.0],"rotation":0,"texture":"#0","tintindex":0},"south":{"uv":[7.75,7.0,8.0,7.125],"rotation":0,"texture":"#0","tintindex":0},"up":{"uv":[1.875,5.5,1.625,4.875],"rotation":0,"texture":"#0","tintindex":0},"west":{"uv":[6.375,1.25,7.0,1.375],"rotation":0,"texture":"#0","tintindex":0}}},{"name":"cube","from":[6.493905,7.410769,3.794826],"to":[7.077753,7.822897,6.172435],"rotation":{"angle":-22.5,"axis":"y","origin":[6.9289293,7.4021835,5.32242]},"faces":{"down":{"uv":[6.875,5.625,6.75,6.125],"rotation":0,"texture":"#0","tintindex":0},"east":{"uv":[7.375,7.75,7.875,7.8125],"rotation":0,"texture":"#0","tintindex":0},"north":{"uv":[0.375,8.625,0.5,8.6875],"rotation":0,"texture":"#0","tintindex":0},"south":{"uv":[8.625,0.375,8.75,0.4375],"rotation":0,"texture":"#0","tintindex":0},"up":{"uv":[6.875,5.625,6.75,5.125],"rotation":0,"texture":"#0","tintindex":0},"west":{"uv":[7.75,7.5,8.25,7.5625],"rotation":0,"texture":"#0","tintindex":0}}}],"display":{"head":{"translation":[0.0,-6.4,0.0],"rotation":[0.0,0.0,0.0],"scale":[3.8095,3.8095,3.8095]}}}