{"textures":{"0":"modelengine:entity/nocsy_skeleton_archer_end"},"elements":[{"name":"cube","from":[7.5355997,4.2416,7.6976004],"to":[8.1944,7.9784,8.3024],"rotation":{"angle":0.0,"axis":"x","origin":[10.375999,11.429,8.405001]},"faces":{"down":{"uv":[4.375,8.25,4.25,8.375],"rotation":0,"texture":"#0","tintindex":0},"east":{"uv":[2.875,6.125,3.0,6.875],"rotation":0,"texture":"#0","tintindex":0},"north":{"uv":[2.5,6.125,2.625,6.875],"rotation":0,"texture":"#0","tintindex":0},"south":{"uv":[3.25,6.125,3.375,6.875],"rotation":0,"texture":"#0","tintindex":0},"up":{"uv":[3.75,8.375,3.625,8.25],"rotation":0,"texture":"#0","tintindex":0},"west":{"uv":[3.375,6.125,3.5,6.875],"rotation":0,"texture":"#0","tintindex":0}}},{"name":"cube","from":[7.4777274,7.423212,7.6874695],"to":[8.298527,8.244012,8.454269],"rotation":{"angle":45.0,"axis":"z","origin":[7.9189997,7.703,8.0]},"faces":{"down":{"uv":[6.9375,7.5,6.75,7.6875],"rotation":0,"texture":"#0","tintindex":0},"east":{"uv":[7.5,5.5,7.6875,5.6875],"rotation":0,"texture":"#0","tintindex":0},"north":{"uv":[7.5,5.25,7.6875,5.4375],"rotation":0,"texture":"#0","tintindex":0},"south":{"uv":[7.5,5.75,7.6875,5.9375],"rotation":0,"texture":"#0","tintindex":0},"up":{"uv":[6.6875,7.6875,6.5,7.5],"rotation":0,"texture":"#0","tintindex":0},"west":{"uv":[7.5,6.125,7.6875,6.3125],"rotation":0,"texture":"#0","tintindex":0}}},{"name":"cube","from":[7.232241,4.245222,7.332121],"to":[8.486294,4.741331,8.379462],"rotation":{"angle":-22.5,"axis":"x","origin":[7.9669046,5.0150347,8.078966]},"faces":{"down":{"uv":[7.25,0.0,7.0,0.1875],"rotation":0,"texture":"#0","tintindex":0},"east":{"uv":[8.0,3.625,8.1875,3.75],"rotation":0,"texture":"#0","tintindex":0},"north":{"uv":[0.875,7.875,1.125,8.0],"rotation":0,"texture":"#0","tintindex":0},"south":{"uv":[1.375,7.875,1.625,8.0],"rotation":0,"texture":"#0","tintindex":0},"up":{"uv":[7.125,7.0625,6.875,6.875],"rotation":0,"texture":"#0","tintindex":0},"west":{"uv":[3.75,8.0,3.9375,8.125],"rotation":0,"texture":"#0","tintindex":0}}},{"name":"cube","from":[7.094433,3.9081106,7.055887],"to":[8.624102,4.4042196,8.723364],"rotation":{"angle":0.0,"axis":"x","origin":[7.9669046,5.0150347,8.078966]},"faces":{"down":{"uv":[5.8125,5.125,5.5,5.5],"rotation":0,"texture":"#0","tintindex":0},"east":{"uv":[7.0,0.25,7.375,0.375],"rotation":0,"texture":"#0","tintindex":0},"north":{"uv":[7.25,0.0,7.5625,0.125],"rotation":0,"texture":"#0","tintindex":0},"south":{"uv":[7.25,0.125,7.5625,0.25],"rotation":0,"texture":"#0","tintindex":0},"up":{"uv":[5.8125,4.75,5.5,4.375],"rotation":0,"texture":"#0","tintindex":0},"west":{"uv":[7.0,0.375,7.375,0.5],"rotation":0,"texture":"#0","tintindex":0}}},{"name":"cube","from":[7.170227,3.7082894,7.338394],"to":[8.548307,4.1217136,8.64757],"rotation":{"angle":0.0,"axis":"x","origin":[7.9669046,5.0150347,8.078966]},"faces":{"down":{"uv":[6.1875,4.375,5.875,4.6875],"rotation":0,"texture":"#0","tintindex":0},"east":{"uv":[7.25,2.0,7.5625,2.125],"rotation":0,"texture":"#0","tintindex":0},"north":{"uv":[7.25,1.375,7.5625,1.5],"rotation":0,"texture":"#0","tintindex":0},"south":{"uv":[7.25,2.125,7.5625,2.25],"rotation":0,"texture":"#0","tintindex":0},"up":{"uv":[4.6875,6.1875,4.375,5.875],"rotation":0,"texture":"#0","tintindex":0},"west":{"uv":[7.25,2.625,7.5625,2.75],"rotation":0,"texture":"#0","tintindex":0}}},{"name":"cube","from":[7.3684015,3.8125887,6.4858584],"to":[8.002318,4.3086977,7.5331993],"rotation":{"angle":22.5,"axis":"y","origin":[7.9669046,5.0150347,8.078966]},"faces":{"down":{"uv":[4.375,8.0,4.25,8.1875],"rotation":0,"texture":"#0","tintindex":0},"east":{"uv":[8.0,3.75,8.1875,3.875],"rotation":0,"texture":"#0","tintindex":0},"north":{"uv":[8.25,4.375,8.375,4.5],"rotation":0,"texture":"#0","tintindex":0},"south":{"uv":[8.25,4.5,8.375,4.625],"rotation":0,"texture":"#0","tintindex":0},"up":{"uv":[8.125,4.3125,8.0,4.125],"rotation":0,"texture":"#0","tintindex":0},"west":{"uv":[4.0,8.0,4.1875,8.125],"rotation":0,"texture":"#0","tintindex":0}}},{"name":"cube","from":[7.3684015,3.7436845,5.8657227],"to":[8.002318,4.17089,6.2240233],"rotation":{"angle":22.5,"axis":"y","origin":[7.9669046,5.0150347,8.078966]},"faces":{"down":{"uv":[8.75,0.625,8.625,0.6875],"rotation":0,"texture":"#0","tintindex":0},"east":{"uv":[1.125,8.75,1.1875,8.8125],"rotation":0,"texture":"#0","tintindex":0},"north":{"uv":[0.5,8.625,0.625,8.6875],"rotation":0,"texture":"#0","tintindex":0},"south":{"uv":[8.625,0.5,8.75,0.5625],"rotation":0,"texture":"#0","tintindex":0},"up":{"uv":[0.75,8.6875,0.625,8.625],"rotation":0,"texture":"#0","tintindex":0},"west":{"uv":[8.75,1.125,8.8125,1.1875],"rotation":0,"texture":"#0","tintindex":0}}},{"name":"cube","from":[7.50621,3.8125887,5.590106],"to":[7.864511,4.101986,6.913063],"rotation":{"angle":22.5,"axis":"y","origin":[7.9669046,5.0150347,8.078966]},"faces":{"down":{"uv":[5.3125,8.25,5.25,8.5],"rotation":0,"texture":"#0","tintindex":0},"east":{"uv":[8.25,4.625,8.5,4.6875],"rotation":0,"texture":"#0","tintindex":0},"north":{"uv":[1.25,8.75,1.3125,8.8125],"rotation":0,"texture":"#0","tintindex":0},"south":{"uv":[8.75,1.25,8.8125,1.3125],"rotation":0,"texture":"#0","tintindex":0},"up":{"uv":[5.1875,8.5,5.125,8.25],"rotation":0,"texture":"#0","tintindex":0},"west":{"uv":[4.875,8.25,5.125,8.3125],"rotation":0,"texture":"#0","tintindex":0}}},{"name":"cube","from":[7.5550675,3.8125887,6.483574],"to":[8.188984,4.3086977,7.530915],"rotation":{"angle":0.0,"axis":"x","origin":[7.9669046,5.0150347,8.078966]},"faces":{"down":{"uv":[8.125,4.75,8.0,4.9375],"rotation":0,"texture":"#0","tintindex":0},"east":{"uv":[4.375,8.0,4.5625,8.125],"rotation":0,"texture":"#0","tintindex":0},"north":{"uv":[8.25,5.0,8.375,5.125],"rotation":0,"texture":"#0","tintindex":0},"south":{"uv":[5.375,8.25,5.5,8.375],"rotation":0,"texture":"#0","tintindex":0},"up":{"uv":[8.125,4.6875,8.0,4.5],"rotation":0,"texture":"#0","tintindex":0},"west":{"uv":[8.0,4.375,8.1875,4.5],"rotation":0,"texture":"#0","tintindex":0}}},{"name":"cube","from":[7.6928754,3.8125887,5.587822],"to":[8.051176,4.101986,6.910779],"rotation":{"angle":0.0,"axis":"x","origin":[7.9669046,5.0150347,8.078966]},"faces":{"down":{"uv":[8.3125,5.75,8.25,6.0],"rotation":0,"texture":"#0","tintindex":0},"east":{"uv":[8.25,5.375,8.5,5.4375],"rotation":0,"texture":"#0","tintindex":0},"north":{"uv":[1.375,8.75,1.4375,8.8125],"rotation":0,"texture":"#0","tintindex":0},"south":{"uv":[8.75,1.375,8.8125,1.4375],"rotation":0,"texture":"#0","tintindex":0},"up":{"uv":[5.8125,8.5,5.75,8.25],"rotation":0,"texture":"#0","tintindex":0},"west":{"uv":[5.5,8.25,5.75,8.3125],"rotation":0,"texture":"#0","tintindex":0}}},{"name":"cube","from":[7.5550675,3.7436845,5.8634386],"to":[8.188984,4.17089,6.221739],"rotation":{"angle":0.0,"axis":"x","origin":[7.9669046,5.0150347,8.078966]},"faces":{"down":{"uv":[8.75,0.875,8.625,0.9375],"rotation":0,"texture":"#0","tintindex":0},"east":{"uv":[1.5,8.75,1.5625,8.8125],"rotation":0,"texture":"#0","tintindex":0},"north":{"uv":[0.75,8.625,0.875,8.6875],"rotation":0,"texture":"#0","tintindex":0},"south":{"uv":[8.625,0.75,8.75,0.8125],"rotation":0,"texture":"#0","tintindex":0},"up":{"uv":[1.0,8.6875,0.875,8.625],"rotation":0,"texture":"#0","tintindex":0},"west":{"uv":[8.75,1.5,8.8125,1.5625],"rotation":0,"texture":"#0","tintindex":0}}},{"name":"cube","from":[8.362521,3.8125887,6.489135],"to":[8.996438,4.3086977,7.536476],"rotation":{"angle":-22.5,"axis":"y","origin":[7.876307,4.5405407,6.484576]},"faces":{"down":{"uv":[8.125,5.125,8.0,5.3125],"rotation":0,"texture":"#0","tintindex":0},"east":{"uv":[4.875,8.0,5.0625,8.125],"rotation":0,"texture":"#0","tintindex":0},"north":{"uv":[6.0,8.25,6.125,8.375],"rotation":0,"texture":"#0","tintindex":0},"south":{"uv":[6.125,8.25,6.25,8.375],"rotation":0,"texture":"#0","tintindex":0},"up":{"uv":[5.25,8.1875,5.125,8.0],"rotation":0,"texture":"#0","tintindex":0},"west":{"uv":[8.0,5.0,8.1875,5.125],"rotation":0,"texture":"#0","tintindex":0}}},{"name":"cube","from":[8.50033,3.8125887,5.593383],