{"textures":{"0":"modelengine:entity/nocsy_skeleton_archer_end"},"elements":[{"name":"cube","from":[7.6976004,4.6465993,7.5355997],"to":[8.3024,8.0054,8.3564],"rotation":{"angle":0.0,"axis":"x","origin":[9.458,11.348001,8.0]},"faces":{"down":{"uv":[7.75,8.0,7.625,8.1875],"rotation":0,"texture":"#0","tintindex":0},"east":{"uv":[5.25,4.0,5.4375,4.6875],"rotation":0,"texture":"#0","tintindex":0},"north":{"uv":[6.375,3.0,6.5,3.6875],"rotation":0,"texture":"#0","tintindex":0},"south":{"uv":[3.75,6.375,3.875,7.0625],"rotation":0,"texture":"#0","tintindex":0},"up":{"uv":[7.625,8.1875,7.5,8.0],"rotation":0,"texture":"#0","tintindex":0},"west":{"uv":[1.875,5.375,2.0625,6.0625],"rotation":0,"texture":"#0","tintindex":0}}},{"name":"cube","from":[7.1157494,7.1593475,7.6807733],"to":[7.9905496,8.034148,8.501573],"rotation":{"angle":-45.0,"axis":"z","origin":[8.108,7.217,7.946]},"faces":{"down":{"uv":[7.9375,1.25,7.75,1.4375],"rotation":0,"texture":"#0","tintindex":0},"east":{"uv":[7.75,0.25,7.9375,0.4375],"rotation":0,"texture":"#0","tintindex":0},"north":{"uv":[7.625,7.125,7.8125,7.3125],"rotation":0,"texture":"#0","tintindex":0},"south":{"uv":[7.75,0.75,7.9375,0.9375],"rotation":0,"texture":"#0","tintindex":0},"up":{"uv":[1.3125,7.9375,1.125,7.75],"rotation":0,"texture":"#0","tintindex":0},"west":{"uv":[7.75,1.0,7.9375,1.1875],"rotation":0,"texture":"#0","tintindex":0}}},{"name":"cube","from":[7.460336,4.2674956,7.245056],"to":[8.224545,5.5328236,8.635664],"rotation":{"angle":0.0,"axis":"x","origin":[9.815599,13.2939205,7.9716797]},"faces":{"down":{"uv":[6.9375,2.0,6.75,2.3125],"rotation":0,"texture":"#0","tintindex":0},"east":{"uv":[3.375,1.875,3.6875,2.125],"rotation":0,"texture":"#0","tintindex":0},"north":{"uv":[1.75,7.0,1.9375,7.25],"rotation":0,"texture":"#0","tintindex":0},"south":{"uv":[2.0,7.0,2.1875,7.25],"rotation":0,"texture":"#0","tintindex":0},"up":{"uv":[6.9375,1.8125,6.75,1.5],"rotation":0,"texture":"#0","tintindex":0},"west":{"uv":[6.5,3.125,6.8125,3.375],"rotation":0,"texture":"#0","tintindex":0}}},{"name":"cube","from":[7.4787593,5.5205836,7.45063],"to":[8.542967,6.1859117,8.481238],"rotation":{"angle":-45.0,"axis":"y","origin":[7.99244,5.86016,7.97036]},"faces":{"down":{"uv":[2.5,7.0,2.25,7.1875],"rotation":0,"texture":"#0","tintindex":0},"east":{"uv":[8.0,7.625,8.1875,7.75],"rotation":0,"texture":"#0","tintindex":0},"north":{"uv":[7.875,2.0,8.125,2.125],"rotation":0,"texture":"#0","tintindex":0},"south":{"uv":[2.125,7.875,2.375,8.0],"rotation":0,"texture":"#0","tintindex":0},"up":{"uv":[7.25,2.1875,7.0,2.0],"rotation":0,"texture":"#0","tintindex":0},"west":{"uv":[8.0,7.75,8.1875,7.875],"rotation":0,"texture":"#0","tintindex":0}}},{"name":"cube","from":[7.3976955,3.6410952,7.213736],"to":[8.036624,4.655864,7.570784],"rotation":{"angle":0.0,"axis":"x","origin":[9.815599,13.2939205,7.9716797]},"faces":{"down":{"uv":[8.75,2.0,8.625,2.0625],"rotation":0,"texture":"#0","tintindex":0},"east":{"uv":[8.5,3.0,8.5625,3.1875],"rotation":0,"texture":"#0","tintindex":0},"north":{"uv":[7.875,8.0,8.0,8.1875],"rotation":0,"texture":"#0","tintindex":0},"south":{"uv":[8.0,7.875,8.125,8.0625],"rotation":0,"texture":"#0","tintindex":0},"up":{"uv":[2.125,8.6875,2.0,8.625],"rotation":0,"texture":"#0","tintindex":0},"west":{"uv":[3.125,8.5,3.1875,8.6875],"rotation":0,"texture":"#0","tintindex":0}}},{"name":"cube","from":[7.6545196,2.8956797,7.28264],"to":[8.15564,3.7726395,7.5332003],"rotation":{"angle":22.5,"axis":"z","origin":[7.7171597,3.1462395,7.40792]},"faces":{"down":{"uv":[8.75,2.125,8.625,2.1875],"rotation":0,"texture":"#0","tintindex":0},"east":{"uv":[3.25,8.5,3.3125,8.6875],"rotation":0,"texture":"#0","tintindex":0},"north":{"uv":[0.0,8.125,0.125,8.3125],"rotation":0,"texture":"#0","tintindex":0},"south":{"uv":[8.125,0.0,8.25,0.1875],"rotation":0,"texture":"#0","tintindex":0},"up":{"uv":[2.25,8.6875,2.125,8.625],"rotation":0,"texture":"#0","tintindex":0},"west":{"uv":[8.5,3.25,8.5625,3.4375],"rotation":0,"texture":"#0","tintindex":0}}},{"name":"cube","from":[7.68584,2.410219,7.31396],"to":[8.12432,3.2245398,7.5018797],"rotation":{"angle":45.0,"axis":"z","origin":[7.7171597,3.1462395,7.40792]},"faces":{"down":{"uv":[2.5,8.625,2.375,8.6875],"rotation":0,"texture":"#0","tintindex":0},"east":{"uv":[3.375,8.5,3.4375,8.6875],"rotation":0,"texture":"#0","tintindex":0},"north":{"uv":[0.125,8.125,0.25,8.3125],"rotation":0,"texture":"#0","tintindex":0},"south":{"uv":[0.25,8.125,0.375,8.3125],"rotation":0,"texture":"#0","tintindex":0},"up":{"uv":[2.375,8.6875,2.25,8.625],"rotation":0,"texture":"#0","tintindex":0},"west":{"uv":[3.5,8.5,3.5625,8.6875],"rotation":0,"texture":"#0","tintindex":0}}},{"name":"cube","from":[7.6545196,2.8956797,8.30054],"to":[8.15564,3.7726395,8.59808],"rotation":{"angle":22.5,"axis":"z","origin":[7.7171597,3.1462395,7.40792]},"faces":{"down":{"uv":[2.625,8.625,2.5,8.6875],"rotation":0,"texture":"#0","tintindex":0},"east":{"uv":[8.5,3.5,8.5625,3.6875],"rotation":0,"texture":"#0","tintindex":0},"north":{"uv":[0.375,8.125,0.5,8.3125],"rotation":0,"texture":"#0","tintindex":0},"south":{"uv":[8.125,0.375,8.25,0.5625],"rotation":0,"texture":"#0","tintindex":0},"up":{"uv":[8.75,2.4375,8.625,2.375],"rotation":0,"texture":"#0","tintindex":0},"west":{"uv":[3.625,8.5,3.6875,8.6875],"rotation":0,"texture":"#0","tintindex":0}}},{"name":"cube","from":[7.5056615,2.5774486,7.86206],"to":[7.8815017,3.2664888,8.034321],"rotation":{"angle":45.0,"axis":"z","origin":[7.8188615,3.391769,7.94819]},"faces":{"down":{"uv":[2.875,8.625,2.75,8.6875],"rotation":0,"texture":"#0","tintindex":0},"east":{"uv":[3.75,8.5,3.8125,8.6875],"rotation":0,"texture":"#0","tintindex":0},"north":{"uv":[0.5,8.125,0.625,8.3125],"rotation":0,"texture":"#0","tintindex":0},"south":{"uv":[0.625,8.125,0.75,8.3125],"rotation":0,"texture":"#0","tintindex":0},"up":{"uv":[8.75,2.5625,8.625,2.5],"rotation":0,"texture":"#0","tintindex":0},"west":{"uv":[8.5,3.75,8.5625,3.9375],"rotation":0,"texture":"#0","tintindex":0}}},{"name":"cube","from":[7.5056615,2.5774486,8.36318],"to":[7.8815017,3.2664888,8.53544],"rotation":{"angle":45.0,"axis":"z","origin":[7.8188615,3.391769,7.94819]},"faces":{"down":{"uv":[3.0,8.625,2.875,8.6875],"rotation":0,"texture":"#0","tintindex":0},"east":{"uv":[3.875,8.5,3.9375,8.6875],"rotation":0,"texture":"#0","tintindex":0},"north":{"uv":[8.125,0.625,8.25,0.8125],"rotation":0,"texture":"#0","tintindex":0},"south":{"uv":[0.75,8.125,0.875,8.3125],"rotation":0,"texture":"#0","tintindex":0},"up":{"uv":[8.75,2.8125,8.625,2.75],"rotation":0,"texture":"#0","tintindex":0},"west":{"uv":[4.0,8.5,4.0625,8.6875],"rotation":0,"texture":"#0","tintindex":0}}},{"name":"cube","from":[7.6545196,2.8956797,7.79942],"to":[8.15564,3.7726395,8.09696],"rotation":{"angle":22.5,"axis":"z","origin":[7.7171597,3.1462395,7.40792]},"faces":{"down":{"uv":[8.75,3.0,8.625,3.0625],"rotation":0,"texture":"#0","tintindex":0},"east":{"uv":[8.5,4.0,8.5625,4.1875],"rotation":0,"texture":"#0","tintindex":0},"north":{"uv":[0.875,8.125,1.0,8.3125],"rotation":0,"texture":"#0","tintindex":0},"south":{"uv":[8.125,1.0,8.25,1.1875],"rotation":0,"texture":"#0","tintindex":0},"up":{"uv":[8.75,2.9375,8.625,2.875],"rotation":0,"texture":"#0","tintindex":0},"west":{"uv":[4.125,8.5,4.1875,8.6875],"rotation":0,"texture":"#0","tintindex":0}}},{"name":"cube","from":[8.587856,4.2674956,7.182416],"to":[9.038864,5.2822638,7.821344],"rotation":{"angle":22.5,"axis":"z","origin":[8.68808,4.7748795,7.5018797]},"faces":{"down":{"uv":[8.6875,3.25,8.625,3.375],"rotation":0,"texture":"#0","tintindex":0},"east":{"uv":[1.125,8.125,1.25,8.3125],"rotation":0,"texture":"#0","tintindex":0},"north":{"uv":[4.25,8.5,4.3125,8.6875],"rotation":0,"texture":"#0","tintindex":0},"south":{"uv":[4.375,8.5,4.4375,8.6875],"rotation":0,"texture":"#0","tintindex":0},"up":{"uv":[8.6875,3.25,8.625,3.125],"rotation":0,"texture":"#0","tintindex":0},"west":{"uv":[1.25,8.125,1.375,8.3125],"rotation":0,"texture":"#0","tintindex":0}}},{"name":"cube",