{"textures":{"0":"modelengine:entity/nocsy_skeleton_archer_end"},"elements":[{"name":"cube","from":[7.6564603,4.9066834,7.5319963],"to":[8.25046,8.146684,8.341996],"rotation":{"angle":0.0,"axis":"x","origin":[9.411461,8.2546835,7.9909964]},"faces":{"down":{"uv":[7.375,8.0,7.25,8.1875],"rotation":0,"texture":"#0","tintindex":0},"east":{"uv":[2.625,5.125,2.8125,5.8125],"rotation":0,"texture":"#0","tintindex":0},"north":{"uv":[6.125,6.25,6.25,6.9375],"rotation":0,"texture":"#0","tintindex":0},"south":{"uv":[6.375,0.0,6.5,0.6875],"rotation":0,"texture":"#0","tintindex":0},"up":{"uv":[8.125,7.3125,8.0,7.125],"rotation":0,"texture":"#0","tintindex":0},"west":{"uv":[5.25,2.75,5.4375,3.4375],"rotation":0,"texture":"#0","tintindex":0}}},{"name":"cube","from":[7.1008425,4.583664,7.6717696],"to":[7.9756427,5.4584637,8.49257],"rotation":{"angle":-45.0,"axis":"z","origin":[8.16946,4.7176833,7.9369965]},"faces":{"down":{"uv":[7.8125,3.875,7.625,4.0625],"rotation":0,"texture":"#0","tintindex":0},"east":{"uv":[2.375,7.625,2.5625,7.8125],"rotation":0,"texture":"#0","tintindex":0},"north":{"uv":[2.125,7.625,2.3125,7.8125],"rotation":0,"texture":"#0","tintindex":0},"south":{"uv":[7.625,2.625,7.8125,2.8125],"rotation":0,"texture":"#0","tintindex":0},"up":{"uv":[3.5625,7.8125,3.375,7.625],"rotation":0,"texture":"#0","tintindex":0},"west":{"uv":[2.875,7.625,3.0625,7.8125],"rotation":0,"texture":"#0","tintindex":0}}}],"display":{"head":{"translation":[0.0,-6.4,0.0],"rotation":[0.0,0.0,0.0],"scale":[3.8095,3.8095,3.8095]}}}