{"textures":{"0":"modelengine:entity/nocsy_skeleton_archer_end"},"elements":[{"name":"cube","from":[7.794611,5.0208097,7.5862517],"to":[8.388612,8.26081,8.396252],"rotation":{"angle":0.0,"axis":"x","origin":[6.6336117,8.36881,8.045252]},"faces":{"down":{"uv":[2.25,8.125,2.125,8.3125],"rotation":0,"texture":"#0","tintindex":0},"east":{"uv":[2.125,5.375,2.3125,6.0625],"rotation":0,"texture":"#0","tintindex":0},"north":{"uv":[3.875,6.375,4.0,7.0625],"rotation":0,"texture":"#0","tintindex":0},"south":{"uv":[6.375,4.0,6.5,4.6875],"rotation":0,"texture":"#0","tintindex":0},"up":{"uv":[8.25,2.1875,8.125,2.0],"rotation":0,"texture":"#0","tintindex":0},"west":{"uv":[2.375,5.375,2.5625,6.0625],"rotation":0,"texture":"#0","tintindex":0}}},{"name":"cube","from":[8.069429,4.69779,7.726025],"to":[8.944229,5.57259,8.546825],"rotation":{"angle":45.0,"axis":"z","origin":[7.8756113,4.8318095,7.9912515]},"faces":{"down":{"uv":[7.9375,3.375,7.75,3.5625],"rotation":0,"texture":"#0","tintindex":0},"east":{"uv":[7.75,1.75,7.9375,1.9375],"rotation":0,"texture":"#0","tintindex":0},"north":{"uv":[7.75,1.5,7.9375,1.6875],"rotation":0,"texture":"#0","tintindex":0},"south":{"uv":[2.625,7.75,2.8125,7.9375],"rotation":0,"texture":"#0","tintindex":0},"up":{"uv":[7.9375,3.3125,7.75,3.125],"rotation":0,"texture":"#0","tintindex":0},"west":{"uv":[7.75,2.875,7.9375,3.0625],"rotation":0,"texture":"#0","tintindex":0}}}],"display":{"head":{"translation":[0.0,-6.4,0.0],"rotation":[0.0,0.0,0.0],"scale":[3.8095,3.8095,3.8095]}}}