{"textures":{"0":"modelengine:entity/nocsy_skeleton_archer_end"},"elements":[{"name":"cube","from":[7.8055997,4.2416,7.6976004],"to":[8.4644,7.9784,8.3024],"rotation":{"angle":0.0,"axis":"x","origin":[5.6239996,11.429,8.405001]},"faces":{"down":{"uv":[8.375,6.75,8.25,6.875],"rotation":0,"texture":"#0","tintindex":0},"east":{"uv":[3.625,6.125,3.75,6.875],"rotation":0,"texture":"#0","tintindex":0},"north":{"uv":[3.5,6.125,3.625,6.875],"rotation":0,"texture":"#0","tintindex":0},"south":{"uv":[6.125,5.5,6.25,6.25],"rotation":0,"texture":"#0","tintindex":0},"up":{"uv":[6.875,8.375,6.75,8.25],"rotation":0,"texture":"#0","tintindex":0},"west":{"uv":[4.0,6.25,4.125,7.0],"rotation":0,"texture":"#0","tintindex":0}}},{"name":"cube","from":[7.7014728,7.423212,7.6874695],"to":[8.522273,8.244012,8.454269],"rotation":{"angle":-45.0,"axis":"z","origin":[8.081,7.703,8.0]},"faces":{"down":{"uv":[7.8125,2.0,7.625,2.1875],"rotation":0,"texture":"#0","tintindex":0},"east":{"uv":[0.875,7.625,1.0625,7.8125],"rotation":0,"texture":"#0","tintindex":0},"north":{"uv":[0.5,7.625,0.6875,7.8125],"rotation":0,"texture":"#0","tintindex":0},"south":{"uv":[1.375,7.625,1.5625,7.8125],"rotation":0,"texture":"#0","tintindex":0},"up":{"uv":[2.0625,7.8125,1.875,7.625],"rotation":0,"texture":"#0","tintindex":0},"west":{"uv":[1.625,7.625,1.8125,7.8125],"rotation":0,"texture":"#0","tintindex":0}}},{"name":"cube","from":[7.513706,4.245222,7.332121],"to":[8.767759,4.741331,8.379462],"rotation":{"angle":-22.5,"axis":"x","origin":[8.033095,5.0150347,8.078966]},"faces":{"down":{"uv":[7.25,1.25,7.0,1.4375],"rotation":0,"texture":"#0","tintindex":0},"east":{"uv":[8.0,5.375,8.1875,5.5],"rotation":0,"texture":"#0","tintindex":0},"north":{"uv":[1.625,7.875,1.875,8.0],"rotation":0,"texture":"#0","tintindex":0},"south":{"uv":[1.875,7.875,2.125,8.0],"rotation":0,"texture":"#0","tintindex":0},"up":{"uv":[7.25,1.1875,7.0,1.0],"rotation":0,"texture":"#0","tintindex":0},"west":{"uv":[5.5,8.0,5.6875,8.125],"rotation":0,"texture":"#0","tintindex":0}}},{"name":"cube","from":[7.3758984,3.908111,7.055887],"to":[8.905567,4.4042196,8.723364],"rotation":{"angle":0.0,"axis":"x","origin":[8.033095,5.0150347,8.078966]},"faces":{"down":{"uv":[5.9375,0.0,5.625,0.375],"rotation":0,"texture":"#0","tintindex":0},"east":{"uv":[7.0,1.5,7.375,1.625],"rotation":0,"texture":"#0","tintindex":0},"north":{"uv":[7.25,2.75,7.5625,2.875],"rotation":0,"texture":"#0","tintindex":0},"south":{"uv":[3.125,7.25,3.4375,7.375],"rotation":0,"texture":"#0","tintindex":0},"up":{"uv":[5.5625,5.875,5.25,5.5],"rotation":0,"texture":"#0","tintindex":0},"west":{"uv":[7.0,1.625,7.375,1.75],"rotation":0,"texture":"#0","tintindex":0}}},{"name":"cube","from":[7.4516926,3.7082894,7.338394],"to":[8.829772,4.1217136,8.64757],"rotation":{"angle":0.0,"axis":"x","origin":[8.033095,5.0150347,8.078966]},"faces":{"down":{"uv":[5.5625,5.875,5.25,6.1875],"rotation":0,"texture":"#0","tintindex":0},"east":{"uv":[7.25,3.875,7.5625,4.0],"rotation":0,"texture":"#0","tintindex":0},"north":{"uv":[7.25,3.5,7.5625,3.625],"rotation":0,"texture":"#0","tintindex":0},"south":{"uv":[7.25,4.0,7.5625,4.125],"rotation":0,"texture":"#0","tintindex":0},"up":{"uv":[6.1875,5.4375,5.875,5.125],"rotation":0,"texture":"#0","tintindex":0},"west":{"uv":[4.75,7.25,5.0625,7.375],"rotation":0,"texture":"#0","tintindex":0}}},{"name":"cube","from":[7.997681,3.8125887,6.4858584],"to":[8.631598,4.3086977,7.5331993],"rotation":{"angle":-22.5,"axis":"y","origin":[8.033095,5.0150347,8.078966]},"faces":{"down":{"uv":[6.125,8.0,6.0,8.1875],"rotation":0,"texture":"#0","tintindex":0},"east":{"uv":[8.0,5.75,8.1875,5.875],"rotation":0,"texture":"#0","tintindex":0},"north":{"uv":[6.875,8.25,7.0,8.375],"rotation":0,"texture":"#0","tintindex":0},"south":{"uv":[7.0,8.25,7.125,8.375],"rotation":0,"texture":"#0","tintindex":0},"up":{"uv":[5.875,8.1875,5.75,8.0],"rotation":0,"texture":"#0","tintindex":0},"west":{"uv":[8.0,5.875,8.1875,6.0],"rotation":0,"texture":"#0","tintindex":0}}},{"name":"cube","from":[7.997681,3.7436845,5.8657227],"to":[8.631598,4.17089,6.2240233],"rotation":{"angle":-22.5,"axis":"y","origin":[8.033095,5.0150347,8.078966]},"faces":{"down":{"uv":[8.75,1.375,8.625,1.4375],"rotation":0,"texture":"#0","tintindex":0},"east":{"uv":[1.875,8.75,1.9375,8.8125],"rotation":0,"texture":"#0","tintindex":0},"north":{"uv":[1.25,8.625,1.375,8.6875],"rotation":0,"texture":"#0","tintindex":0},"south":{"uv":[8.625,1.25,8.75,1.3125],"rotation":0,"texture":"#0","tintindex":0},"up":{"uv":[1.5,8.6875,1.375,8.625],"rotation":0,"texture":"#0","tintindex":0},"west":{"uv":[8.75,1.875,8.8125,1.9375],"rotation":0,"texture":"#0","tintindex":0}}},{"name":"cube","from":[8.1354885,3.8125887,5.590106],"to":[8.49379,4.101986,6.913063],"rotation":{"angle":-22.5,"axis":"y","origin":[8.033095,5.0150347,8.078966]},"faces":{"down":{"uv":[7.8125,8.25,7.75,8.5],"rotation":0,"texture":"#0","tintindex":0},"east":{"uv":[7.125,8.25,7.375,8.3125],"rotation":0,"texture":"#0","tintindex":0},"north":{"uv":[2.0,8.75,2.0625,8.8125],"rotation":0,"texture":"#0","tintindex":0},"south":{"uv":[8.75,2.0,8.8125,2.0625],"rotation":0,"texture":"#0","tintindex":0},"up":{"uv":[8.3125,7.75,8.25,7.5],"rotation":0,"texture":"#0","tintindex":0},"west":{"uv":[7.5,8.25,7.75,8.3125],"rotation":0,"texture":"#0","tintindex":0}}},{"name":"cube","from":[7.8110156,3.8125887,6.483574],"to":[8.444933,4.3086977,7.530915],"rotation":{"angle":0.0,"axis":"x","origin":[8.033095,5.0150347,8.078966]},"faces":{"down":{"uv":[6.625,8.0,6.5,8.1875],"rotation":0,"texture":"#0","tintindex":0},"east":{"uv":[8.0,6.125,8.1875,6.25],"rotation":0,"texture":"#0","tintindex":0},"north":{"uv":[8.25,7.75,8.375,7.875],"rotation":0,"texture":"#0","tintindex":0},"south":{"uv":[7.875,8.25,8.0,8.375],"rotation":0,"texture":"#0","tintindex":0},"up":{"uv":[6.25,8.1875,6.125,8.0],"rotation":0,"texture":"#0","tintindex":0},"west":{"uv":[8.0,6.25,8.1875,6.375],"rotation":0,"texture":"#0","tintindex":0}}},{"name":"cube","from":[7.9488235,3.8125887,5.587822],"to":[8.307124,4.101986,6.910779],"rotation":{"angle":0.0,"axis":"x","origin":[8.033095,5.0150347,8.078966]},"faces":{"down":{"uv":[0.0625,8.375,0.0,8.625],"rotation":0,"texture":"#0","tintindex":0},"east":{"uv":[8.0,8.25,8.25,8.3125],"rotation":0,"texture":"#0","tintindex":0},"north":{"uv":[2.125,8.75,2.1875,8.8125],"rotation":0,"texture":"#0","tintindex":0},"south":{"uv":[8.75,2.125,8.8125,2.1875],"rotation":0,"texture":"#0","tintindex":0},"up":{"uv":[8.3125,8.5,8.25,8.25],"rotation":0,"texture":"#0","tintindex":0},"west":{"uv":[8.25,8.125,8.5,8.1875],"rotation":0,"texture":"#0","tintindex":0}}},{"name":"cube","from":[7.8110156,3.7436845,5.8634386],"to":[8.444933,4.17089,6.221739],"rotation":{"angle":0.0,"axis":"x","origin":[8.033095,5.0150347,8.078966]},"faces":{"down":{"uv":[8.75,1.625,8.625,1.6875],"rotation":0,"texture":"#0","tintindex":0},"east":{"uv":[2.25,8.75,2.3125,8.8125],"rotation":0,"texture":"#0","tintindex":0},"north":{"uv":[1.5,8.625,1.625,8.6875],"rotation":0,"texture":"#0","tintindex":0},"south":{"uv":[8.625,1.5,8.75,1.5625],"rotation":0,"texture":"#0","tintindex":0},"up":{"uv":[1.75,8.6875,1.625,8.625],"rotation":0,"texture":"#0","tintindex":0},"west":{"uv":[8.75,2.25,8.8125,2.3125],"rotation":0,"texture":"#0","tintindex":0}}},{"name":"cube","from":[7.003562,3.8125887,6.489135],"to":[7.637479,4.3086977,7.536476],"rotation":{"angle":22.5,"axis":"y","origin":[8.1236925,4.5405407,6.484576]},"faces":{"down":{"uv":[7.25,8.0,7.125,8.1875],"rotation":0,"texture":"#0","tintindex":0},"east":{"uv":[8.0,6.625,8.1875,6.75],"rotation":0,"texture":"#0","tintindex":0},"north":{"uv":[0.125,8.375,0.25,8.5],"rotation":0,"texture":"#0","tintindex":0},"south":{"uv":[0.25,8.375,0.375,8.5],"rotation":0,"texture":"#0","tintindex":0},"up":{"uv":[8.125,7.0625,8.0,6.875],"rotation":0,"texture":"#0","tintindex":0},"west":{"uv":[6.875,8.0,7.0625,8.125],"rotation":0,"texture":"#0","tintindex":0}}},{"name":"cube","from":[7.14137,3.8125887,5.593383],