{"textures":{"0":"modelengine:entity/nocsy_skeleton_archer_end"},"elements":[{"name":"cube","from":[7.6976004,4.6465993,7.5355997],"to":[8.3024,8.0054,8.3564],"rotation":{"angle":0.0,"axis":"x","origin":[6.542,11.348001,8.0]},"faces":{"down":{"uv":[2.5,8.125,2.375,8.3125],"rotation":0,"texture":"#0","tintindex":0},"east":{"uv":[3.25,5.375,3.4375,6.0625],"rotation":0,"texture":"#0","tintindex":0},"north":{"uv":[4.75,6.375,4.875,7.0625],"rotation":0,"texture":"#0","tintindex":0},"south":{"uv":[6.375,4.75,6.5,5.4375],"rotation":0,"texture":"#0","tintindex":0},"up":{"uv":[2.375,8.3125,2.25,8.125],"rotation":0,"texture":"#0","tintindex":0},"west":{"uv":[3.5,5.375,3.6875,6.0625],"rotation":0,"texture":"#0","tintindex":0}}},{"name":"cube","from":[8.00945,7.1593475,7.6807733],"to":[8.884251,8.034148,8.501574],"rotation":{"angle":45.0,"axis":"z","origin":[7.8919997,7.217,7.946]},"faces":{"down":{"uv":[4.5625,7.75,4.375,7.9375],"rotation":0,"texture":"#0","tintindex":0},"east":{"uv":[7.75,3.625,7.9375,3.8125],"rotation":0,"texture":"#0","tintindex":0},"north":{"uv":[3.625,7.75,3.8125,7.9375],"rotation":0,"texture":"#0","tintindex":0},"south":{"uv":[3.875,7.75,4.0625,7.9375],"rotation":0,"texture":"#0","tintindex":0},"up":{"uv":[7.9375,4.3125,7.75,4.125],"rotation":0,"texture":"#0","tintindex":0},"west":{"uv":[4.125,7.75,4.3125,7.9375],"rotation":0,"texture":"#0","tintindex":0}}},{"name":"cube","from":[7.775456,4.2674956,7.245056],"to":[8.539663,5.5328236,8.635664],"rotation":{"angle":0.0,"axis":"x","origin":[6.1843996,13.2939205,7.9716797]},"faces":{"down":{"uv":[1.5625,6.875,1.375,7.1875],"rotation":0,"texture":"#0","tintindex":0},"east":{"uv":[6.5,3.375,6.8125,3.625],"rotation":0,"texture":"#0","tintindex":0},"north":{"uv":[2.5,7.0,2.6875,7.25],"rotation":0,"texture":"#0","tintindex":0},"south":{"uv":[7.0,2.625,7.1875,2.875],"rotation":0,"texture":"#0","tintindex":0},"up":{"uv":[1.0625,7.1875,0.875,6.875],"rotation":0,"texture":"#0","tintindex":0},"west":{"uv":[6.5,3.875,6.8125,4.125],"rotation":0,"texture":"#0","tintindex":0}}},{"name":"cube","from":[7.4570327,5.5205836,7.4506307],"to":[8.52124,6.1859117,8.481238],"rotation":{"angle":45.0,"axis":"y","origin":[8.00756,5.86016,7.97036]},"faces":{"down":{"uv":[7.25,3.875,7.0,4.0625],"rotation":0,"texture":"#0","tintindex":0},"east":{"uv":[8.125,2.375,8.3125,2.5],"rotation":0,"texture":"#0","tintindex":0},"north":{"uv":[7.875,2.125,8.125,2.25],"rotation":0,"texture":"#0","tintindex":0},"south":{"uv":[2.375,7.875,2.625,8.0],"rotation":0,"texture":"#0","tintindex":0},"up":{"uv":[7.25,3.3125,7.0,3.125],"rotation":0,"texture":"#0","tintindex":0},"west":{"uv":[2.5,8.125,2.6875,8.25],"rotation":0,"texture":"#0","tintindex":0}}},{"name":"cube","from":[7.543376,3.8210952,7.213736],"to":[8.182304,4.7158637,7.570784],"rotation":{"angle":-22.5,"axis":"z","origin":[7.711601,3.6921432,7.9325304]},"faces":{"down":{"uv":[8.75,4.875,8.625,4.9375],"rotation":0,"texture":"#0","tintindex":0},"east":{"uv":[5.0,8.5,5.0625,8.6875],"rotation":0,"texture":"#0","tintindex":0},"north":{"uv":[2.875,8.125,3.0,8.3125],"rotation":0,"texture":"#0","tintindex":0},"south":{"uv":[3.0,8.125,3.125,8.3125],"rotation":0,"texture":"#0","tintindex":0},"up":{"uv":[8.75,4.8125,8.625,4.75],"rotation":0,"texture":"#0","tintindex":0},"west":{"uv":[5.125,8.5,5.1875,8.6875],"rotation":0,"texture":"#0","tintindex":0}}},{"name":"cube","from":[7.5528727,3.1614091,7.28264],"to":[8.053993,4.038369,7.5332003],"rotation":{"angle":-45.0,"axis":"z","origin":[7.711601,3.6921432,7.9325304]},"faces":{"down":{"uv":[8.75,5.125,8.625,5.1875],"rotation":0,"texture":"#0","tintindex":0},"east":{"uv":[8.5,5.125,8.5625,5.3125],"rotation":0,"texture":"#0","tintindex":0},"north":{"uv":[3.125,8.125,3.25,8.3125],"rotation":0,"texture":"#0","tintindex":0},"south":{"uv":[8.125,3.125,8.25,3.3125],"rotation":0,"texture":"#0","tintindex":0},"up":{"uv":[8.75,5.0625,8.625,5.0],"rotation":0,"texture":"#0","tintindex":0},"west":{"uv":[5.25,8.5,5.3125,8.6875],"rotation":0,"texture":"#0","tintindex":0}}},{"name":"cube","from":[7.1163216,3.1168213,7.31396],"to":[7.554801,3.4511418,7.5018797],"rotation":{"angle":0.0,"axis":"x","origin":[7.3355613,3.343982,7.40792]},"faces":{"down":{"uv":[8.75,5.5,8.625,5.5625],"rotation":0,"texture":"#0","tintindex":0},"east":{"uv":[8.625,5.25,8.6875,5.375],"rotation":0,"texture":"#0","tintindex":0},"north":{"uv":[1.375,8.375,1.5,8.5],"rotation":0,"texture":"#0","tintindex":0},"south":{"uv":[1.5,8.375,1.625,8.5],"rotation":0,"texture":"#0","tintindex":0},"up":{"uv":[5.625,8.6875,5.5,8.625],"rotation":0,"texture":"#0","tintindex":0},"west":{"uv":[8.625,5.375,8.6875,5.5],"rotation":0,"texture":"#0","tintindex":0}}},{"name":"cube","from":[7.5528727,3.1614091,8.30054],"to":[8.053993,4.038369,8.59808],"rotation":{"angle":-45.0,"axis":"z","origin":[7.711601,3.6921432,7.9325304]},"faces":{"down":{"uv":[8.75,5.625,8.625,5.6875],"rotation":0,"texture":"#0","tintindex":0},"east":{"uv":[5.375,8.5,5.4375,8.6875],"rotation":0,"texture":"#0","tintindex":0},"north":{"uv":[3.25,8.125,3.375,8.3125],"rotation":0,"texture":"#0","tintindex":0},"south":{"uv":[3.375,8.125,3.5,8.3125],"rotation":0,"texture":"#0","tintindex":0},"up":{"uv":[5.75,8.6875,5.625,8.625],"rotation":0,"texture":"#0","tintindex":0},"west":{"uv":[8.5,5.375,8.5625,5.5625],"rotation":0,"texture":"#0","tintindex":0}}},{"name":"cube","from":[7.0172863,3.1019263,7.86206],"to":[7.6331263,3.4309661,8.034321],"rotation":{"angle":0.0,"axis":"x","origin":[7.325206,3.2664466,7.94819]},"faces":{"down":{"uv":[5.6875,8.5,5.5,8.5625],"rotation":0,"texture":"#0","tintindex":0},"east":{"uv":[8.625,5.75,8.6875,5.875],"rotation":0,"texture":"#0","tintindex":0},"north":{"uv":[8.125,3.375,8.3125,3.5],"rotation":0,"texture":"#0","tintindex":0},"south":{"uv":[8.125,3.5,8.3125,3.625],"rotation":0,"texture":"#0","tintindex":0},"up":{"uv":[8.6875,4.3125,8.5,4.25],"rotation":0,"texture":"#0","tintindex":0},"west":{"uv":[8.625,5.875,8.6875,6.0],"rotation":0,"texture":"#0","tintindex":0}}},{"name":"cube","from":[7.077286,3.1019263,8.36318],"to":[7.5731263,3.4309661,8.53544],"rotation":{"angle":0.0,"axis":"x","origin":[7.325206,3.2664466,8.44931]},"faces":{"down":{"uv":[8.75,6.375,8.625,6.4375],"rotation":0,"texture":"#0","tintindex":0},"east":{"uv":[8.625,6.0,8.6875,6.125],"rotation":0,"texture":"#0","tintindex":0},"north":{"uv":[1.625,8.375,1.75,8.5],"rotation":0,"texture":"#0","tintindex":0},"south":{"uv":[1.75,8.375,1.875,8.5],"rotation":0,"texture":"#0","tintindex":0},"up":{"uv":[8.75,6.3125,8.625,6.25],"rotation":0,"texture":"#0","tintindex":0},"west":{"uv":[8.625,6.125,8.6875,6.25],"rotation":0,"texture":"#0","tintindex":0}}},{"name":"cube","from":[7.5528727,3.1614091,7.79942],"to":[8.053993,4.038369,8.09696],"rotation":{"angle":-45.0,"axis":"z","origin":[7.711601,3.6921432,7.9325304]},"faces":{"down":{"uv":[8.75,6.5,8.625,6.5625],"rotation":0,"texture":"#0","tintindex":0},"east":{"uv":[8.5,5.625,8.5625,5.8125],"rotation":0,"texture":"#0","tintindex":0},"north":{"uv":[3.5,8.125,3.625,8.3125],"rotation":0,"texture":"#0","tintindex":0},"south":{"uv":[3.75,8.125,3.875,8.3125],"rotation":0,"texture":"#0","tintindex":0},"up":{"uv":[6.625,8.6875,6.5,8.625],"rotation":0,"texture":"#0","tintindex":0},"west":{"uv":[5.75,8.5,5.8125,8.6875],"rotation":0,"texture":"#0","tintindex":0}}},{"name":"cube","from":[6.961136,4.2674956,7.182416],"to":[7.4121437,5.2822638,7.821344],"rotation":{"angle":-22.5,"axis":"z","origin":[7.31192,4.7748795,7.5018797]},"faces":{"down":{"uv":[6.8125,8.625,6.75,8.75],"rotation":0,"texture":"#0","tintindex":0},"east":{"uv":[3.875,8.125,4.0,8.3125],"rotation":0,"texture":"#0","tintindex":0},"north":{"uv":[5.875,8.5,5.9375,8.6875],"rotation":0,"texture":"#0","tintindex":0},"south":{"uv":[8.5,5.875,8.5625,6.0625],"rotation":0,"texture":"#0","tintindex":0},"up":{"uv":[6.6875,8.75,6.625,8.625],"rotation":0,"texture":"#0","tintindex":0},"west":{"uv":[8.125,3.875,8.25,4.0625],"rotation":0,"texture":"#0",