{"textures":{"0":"modelengine:entity/nocsy_skeleton_warrior"},"elements":[{"name":"cube","from":[7.1226435,6.907057,3.7166677],"to":[8.877356,7.468009,6.6982594],"rotation":{"angle":0.0,"axis":"x","origin":[8.65412,8.160727,5.7214346]},"faces":{"down":{"uv":[4.0,3.25,3.625,3.875],"rotation":0,"texture":"#0","tintindex":0},"east":{"uv":[5.625,2.375,6.25,2.5],"rotation":0,"texture":"#0","tintindex":0},"north":{"uv":[6.0,6.25,6.375,6.375],"rotation":0,"texture":"#0","tintindex":0},"south":{"uv":[0.0,6.375,0.375,6.5],"rotation":0,"texture":"#0","tintindex":0},"up":{"uv":[4.0,3.25,3.625,2.625],"rotation":0,"texture":"#0","tintindex":0},"west":{"uv":[5.625,2.5,6.25,2.625],"rotation":0,"texture":"#0","tintindex":0}}},{"name":"cube","from":[6.102644,6.907057,5.996668],"to":[9.897356,8.24801,6.6982594],"rotation":{"angle":0.0,"axis":"x","origin":[8.35412,8.160727,5.7214346]},"faces":{"down":{"uv":[6.0625,2.125,5.25,2.25],"rotation":0,"texture":"#0","tintindex":0},"east":{"uv":[6.625,3.5,6.75,3.8125],"rotation":0,"texture":"#0","tintindex":0},"north":{"uv":[3.25,1.875,4.0625,2.1875],"rotation":0,"texture":"#0","tintindex":0},"south":{"uv":[3.625,2.25,4.4375,2.5625],"rotation":0,"texture":"#0","tintindex":0},"up":{"uv":[5.5625,0.875,4.75,0.75],"rotation":0,"texture":"#0","tintindex":0},"west":{"uv":[3.625,6.625,3.75,6.9375],"rotation":0,"texture":"#0","tintindex":0}}},{"name":"cube","from":[7.1226435,7.4794574,3.7166677],"to":[8.877356,7.8114495,4.0403795],"rotation":{"angle":0.0,"axis":"x","origin":[8.65412,8.160727,5.7214346]},"faces":{"down":{"uv":[7.75,1.375,7.375,1.4375],"rotation":0,"texture":"#0","tintindex":0},"east":{"uv":[8.125,1.625,8.1875,1.6875],"rotation":0,"texture":"#0","tintindex":0},"north":{"uv":[7.375,1.125,7.75,1.1875],"rotation":0,"texture":"#0","tintindex":0},"south":{"uv":[7.375,1.25,7.75,1.3125],"rotation":0,"texture":"#0","tintindex":0},"up":{"uv":[1.75,7.4375,1.375,7.375],"rotation":0,"texture":"#0","tintindex":0},"west":{"uv":[1.75,8.125,1.8125,8.1875],"rotation":0,"texture":"#0","tintindex":0}}},{"name":"cube","from":[8.355571,6.901333,3.8005502],"to":[9.500371,7.473733,6.6818705],"rotation":{"angle":22.5,"axis":"y","origin":[9.071071,7.4021835,5.32242]},"faces":{"down":{"uv":[2.375,4.375,2.125,5.0],"rotation":0,"texture":"#0","tintindex":0},"east":{"uv":[5.75,3.875,6.375,4.0],"rotation":0,"texture":"#0","tintindex":0},"north":{"uv":[1.125,7.25,1.375,7.375],"rotation":0,"texture":"#0","tintindex":0},"south":{"uv":[1.375,7.25,1.625,7.375],"rotation":0,"texture":"#0","tintindex":0},"up":{"uv":[4.25,3.625,4.0,3.0],"rotation":0,"texture":"#0","tintindex":0},"west":{"uv":[5.875,0.5,6.5,0.625],"rotation":0,"texture":"#0","tintindex":0}}},{"name":"cube","from":[8.922247,7.410769,3.794826],"to":[9.506096,7.822897,6.172435],"rotation":{"angle":22.5,"axis":"y","origin":[9.071071,7.4021835,5.32242]},"faces":{"down":{"uv":[6.125,5.625,6.0,6.125],"rotation":0,"texture":"#0","tintindex":0},"east":{"uv":[7.25,1.5,7.75,1.5625],"rotation":0,"texture":"#0","tintindex":0},"north":{"uv":[8.0,0.125,8.125,0.1875],"rotation":0,"texture":"#0","tintindex":0},"south":{"uv":[0.25,8.0,0.375,8.0625],"rotation":0,"texture":"#0","tintindex":0},"up":{"uv":[1.5,3.75,1.375,3.25],"rotation":0,"texture":"#0","tintindex":0},"west":{"uv":[1.625,7.25,2.125,7.3125],"rotation":0,"texture":"#0","tintindex":0}}},{"name":"cube","from":[6.499629,6.901333,3.8005502],"to":[7.6444287,7.473733,6.6818705],"rotation":{"angle":-22.5,"axis":"y","origin":[6.9289293,7.4021835,5.32242]},"faces":{"down":{"uv":[4.5,4.5,4.25,5.125],"rotation":0,"texture":"#0","tintindex":0},"east":{"uv":[5.875,0.625,6.5,0.75],"rotation":0,"texture":"#0","tintindex":0},"north":{"uv":[7.25,1.625,7.5,1.75],"rotation":0,"texture":"#0","tintindex":0},"south":{"uv":[7.25,1.75,7.5,1.875],"rotation":0,"texture":"#0","tintindex":0},"up":{"uv":[2.625,5.0,2.375,4.375],"rotation":0,"texture":"#0","tintindex":0},"west":{"uv":[5.875,1.25,6.5,1.375],"rotation":0,"texture":"#0","tintindex":0}}},{"name":"cube","from":[6.493905,7.410769,3.794826],"to":[7.077753,7.822897,6.172435],"rotation":{"angle":-22.5,"axis":"y","origin":[6.9289293,7.4021835,5.32242]},"faces":{"down":{"uv":[6.0,6.0,5.875,6.5],"rotation":0,"texture":"#0","tintindex":0},"east":{"uv":[7.25,1.875,7.75,1.9375],"rotation":0,"texture":"#0","tintindex":0},"north":{"uv":[8.0,0.25,8.125,0.3125],"rotation":0,"texture":"#0","tintindex":0},"south":{"uv":[0.375,8.0,0.5,8.0625],"rotation":0,"texture":"#0","tintindex":0},"up":{"uv":[5.875,6.5,5.75,6.0],"rotation":0,"texture":"#0","tintindex":0},"west":{"uv":[7.25,2.0,7.75,2.0625],"rotation":0,"texture":"#0","tintindex":0}}}],"display":{"head":{"translation":[0.0,-6.4,0.0],"rotation":[0.0,0.0,0.0],"scale":[3.8095,3.8095,3.8095]}}}