{"textures":{"0":"modelengine:entity/nocsy_skeleton_warrior"},"elements":[{"name":"cube","from":[7.6976004,4.6465993,7.5355997],"to":[8.3024,8.0054,8.3564],"rotation":{"angle":0.0,"axis":"x","origin":[9.458,11.348001,8.0]},"faces":{"down":{"uv":[6.625,7.375,6.5,7.5625],"rotation":0,"texture":"#0","tintindex":0},"east":{"uv":[3.625,4.75,3.8125,5.4375],"rotation":0,"texture":"#0","tintindex":0},"north":{"uv":[0.0,5.625,0.125,6.3125],"rotation":0,"texture":"#0","tintindex":0},"south":{"uv":[0.125,5.625,0.25,6.3125],"rotation":0,"texture":"#0","tintindex":0},"up":{"uv":[6.5,7.5625,6.375,7.375],"rotation":0,"texture":"#0","tintindex":0},"west":{"uv":[3.875,4.75,4.0625,5.4375],"rotation":0,"texture":"#0","tintindex":0}}},{"name":"cube","from":[7.11575,7.1593475,7.6807733],"to":[7.9905496,8.034147,8.501574],"rotation":{"angle":-45.0,"axis":"z","origin":[8.108,7.217,7.946]},"faces":{"down":{"uv":[7.1875,2.0,7.0,2.1875],"rotation":0,"texture":"#0","tintindex":0},"east":{"uv":[7.0,1.5,7.1875,1.6875],"rotation":0,"texture":"#0","tintindex":0},"north":{"uv":[1.5,7.0,1.6875,7.1875],"rotation":0,"texture":"#0","tintindex":0},"south":{"uv":[1.75,7.0,1.9375,7.1875],"rotation":0,"texture":"#0","tintindex":0},"up":{"uv":[2.1875,7.1875,2.0,7.0],"rotation":0,"texture":"#0","tintindex":0},"west":{"uv":[7.0,1.75,7.1875,1.9375],"rotation":0,"texture":"#0","tintindex":0}}},{"name":"cube","from":[7.460336,4.267495,7.245056],"to":[8.224545,5.5328236,8.635664],"rotation":{"angle":0.0,"axis":"x","origin":[9.815599,13.29392,7.9716797]},"faces":{"down":{"uv":[6.3125,1.375,6.125,1.6875],"rotation":0,"texture":"#0","tintindex":0},"east":{"uv":[5.375,0.0,5.6875,0.25],"rotation":0,"texture":"#0","tintindex":0},"north":{"uv":[1.75,6.375,1.9375,6.625],"rotation":0,"texture":"#0","tintindex":0},"south":{"uv":[2.0,6.375,2.1875,6.625],"rotation":0,"texture":"#0","tintindex":0},"up":{"uv":[6.3125,0.3125,6.125,0.0],"rotation":0,"texture":"#0","tintindex":0},"west":{"uv":[5.875,1.75,6.1875,2.0],"rotation":0,"texture":"#0","tintindex":0}}},{"name":"cube","from":[7.4787593,5.5205836,7.4506307],"to":[8.542967,6.1859117,8.481239],"rotation":{"angle":-45.0,"axis":"y","origin":[7.99244,5.86016,7.9703603]},"faces":{"down":{"uv":[2.75,6.375,2.5,6.5625],"rotation":0,"texture":"#0","tintindex":0},"east":{"uv":[6.625,7.375,6.8125,7.5],"rotation":0,"texture":"#0","tintindex":0},"north":{"uv":[7.25,3.125,7.5,3.25],"rotation":0,"texture":"#0","tintindex":0},"south":{"uv":[7.25,3.25,7.5,3.375],"rotation":0,"texture":"#0","tintindex":0},"up":{"uv":[2.5,6.5625,2.25,6.375],"rotation":0,"texture":"#0","tintindex":0},"west":{"uv":[6.875,7.375,7.0625,7.5],"rotation":0,"texture":"#0","tintindex":0}}},{"name":"cube","from":[7.3976955,3.6410952,7.213736],"to":[8.036624,4.6558633,7.570784],"rotation":{"angle":0.0,"axis":"x","origin":[9.815599,13.29392,7.9716797]},"faces":{"down":{"uv":[3.375,8.0,3.25,8.0625],"rotation":0,"texture":"#0","tintindex":0},"east":{"uv":[7.875,2.625,7.9375,2.8125],"rotation":0,"texture":"#0","tintindex":0},"north":{"uv":[7.125,7.375,7.25,7.5625],"rotation":0,"texture":"#0","tintindex":0},"south":{"uv":[7.375,7.125,7.5,7.3125],"rotation":0,"texture":"#0","tintindex":0},"up":{"uv":[8.125,3.1875,8.0,3.125],"rotation":0,"texture":"#0","tintindex":0},"west":{"uv":[2.75,7.875,2.8125,8.0625],"rotation":0,"texture":"#0","tintindex":0}}},{"name":"cube","from":[7.65452,2.8956797,7.28264],"to":[8.15564,3.7726395,7.5332003],"rotation":{"angle":22.5,"axis":"z","origin":[7.7171597,3.1462395,7.4079204]},"faces":{"down":{"uv":[8.125,3.5,8.0,3.5625],"rotation":0,"texture":"#0","tintindex":0},"east":{"uv":[2.875,7.875,2.9375,8.0625],"rotation":0,"texture":"#0","tintindex":0},"north":{"uv":[7.25,7.375,7.375,7.5625],"rotation":0,"texture":"#0","tintindex":0},"south":{"uv":[7.375,7.375,7.5,7.5625],"rotation":0,"texture":"#0","tintindex":0},"up":{"uv":[8.125,3.3125,8.0,3.25],"rotation":0,"texture":"#0","tintindex":0},"west":{"uv":[3.0,7.875,3.0625,8.0625],"rotation":0,"texture":"#0","tintindex":0}}},{"name":"cube","from":[7.68584,2.410219,7.31396],"to":[8.12432,3.224539,7.50188],"rotation":{"angle":45.0,"axis":"z","origin":[7.7171597,3.1462395,7.4079204]},"faces":{"down":{"uv":[3.875,8.0,3.75,8.0625],"rotation":0,"texture":"#0","tintindex":0},"east":{"uv":[3.125,7.875,3.1875,8.0625],"rotation":0,"texture":"#0","tintindex":0},"north":{"uv":[0.0,7.5,0.125,7.6875],"rotation":0,"texture":"#0","tintindex":0},"south":{"uv":[0.125,7.5,0.25,7.6875],"rotation":0,"texture":"#0","tintindex":0},"up":{"uv":[8.125,3.6875,8.0,3.625],"rotation":0,"texture":"#0","tintindex":0},"west":{"uv":[7.875,3.125,7.9375,3.3125],"rotation":0,"texture":"#0","tintindex":0}}},{"name":"cube","from":[7.65452,2.8956797,8.30054],"to":[8.15564,3.7726395,8.59808],"rotation":{"angle":22.5,"axis":"z","origin":[7.7171597,3.1462395,7.4079204]},"faces":{"down":{"uv":[8.125,3.875,8.0,3.9375],"rotation":0,"texture":"#0","tintindex":0},"east":{"uv":[3.375,7.875,3.4375,8.0625],"rotation":0,"texture":"#0","tintindex":0},"north":{"uv":[0.375,7.5,0.5,7.6875],"rotation":0,"texture":"#0","tintindex":0},"south":{"uv":[7.5,0.375,7.625,0.5625],"rotation":0,"texture":"#0","tintindex":0},"up":{"uv":[8.125,3.8125,8.0,3.75],"rotation":0,"texture":"#0","tintindex":0},"west":{"uv":[3.5,7.875,3.5625,8.0625],"rotation":0,"texture":"#0","tintindex":0}}},{"name":"cube","from":[7.5056615,2.5774486,7.86206],"to":[7.8815017,3.2664888,8.034321],"rotation":{"angle":45.0,"axis":"z","origin":[7.8188615,3.3917685,7.94819]},"faces":{"down":{"uv":[8.125,4.125,8.0,4.1875],"rotation":0,"texture":"#0","tintindex":0},"east":{"uv":[3.625,7.875,3.6875,8.0625],"rotation":0,"texture":"#0","tintindex":0},"north":{"uv":[0.5,7.5,0.625,7.6875],"rotation":0,"texture":"#0","tintindex":0},"south":{"uv":[0.625,7.5,0.75,7.6875],"rotation":0,"texture":"#0","tintindex":0},"up":{"uv":[8.125,4.0625,8.0,4.0],"rotation":0,"texture":"#0","tintindex":0},"west":{"uv":[7.875,3.625,7.9375,3.8125],"rotation":0,"texture":"#0","tintindex":0}}},{"name":"cube","from":[7.5056615,2.5774486,8.36318],"to":[7.8815017,3.2664888,8.53544],"rotation":{"angle":45.0,"axis":"z","origin":[7.8188615,3.3917685,7.94819]},"faces":{"down":{"uv":[8.125,4.25,8.0,4.3125],"rotation":0,"texture":"#0","tintindex":0},"east":{"uv":[3.875,7.875,3.9375,8.0625],"rotation":0,"texture":"#0","tintindex":0},"north":{"uv":[0.75,7.5,0.875,7.6875],"rotation":0,"texture":"#0","tintindex":0},"south":{"uv":[1.0,7.5,1.125,7.6875],"rotation":0,"texture":"#0","tintindex":0},"up":{"uv":[4.375,8.0625,4.25,8.0],"rotation":0,"texture":"#0","tintindex":0},"west":{"uv":[4.0,7.875,4.0625,8.0625],"rotation":0,"texture":"#0","tintindex":0}}},{"name":"cube","from":[7.65452,2.8956797,7.79942],"to":[8.15564,3.7726395,8.09696],"rotation":{"angle":22.5,"axis":"z","origin":[7.7171597,3.1462395,7.4079204]},"faces":{"down":{"uv":[4.625,8.0,4.5,8.0625],"rotation":0,"texture":"#0","tintindex":0},"east":{"uv":[4.125,7.875,4.1875,8.0625],"rotation":0,"texture":"#0","tintindex":0},"north":{"uv":[1.125,7.5,1.25,7.6875],"rotation":0,"texture":"#0","tintindex":0},"south":{"uv":[1.25,7.5,1.375,7.6875],"rotation":0,"texture":"#0","tintindex":0},"up":{"uv":[8.125,4.4375,8.0,4.375],"rotation":0,"texture":"#0","tintindex":0},"west":{"uv":[7.875,4.125,7.9375,4.3125],"rotation":0,"texture":"#0","tintindex":0}}},{"name":"cube","from":[8.587856,4.267495,7.182416],"to":[9.038864,5.2822638,7.821344],"rotation":{"angle":22.5,"axis":"z","origin":[8.68808,4.7748795,7.50188]},"faces":{"down":{"uv":[4.6875,8.0,4.625,8.125],"rotation":0,"texture":"#0","tintindex":0},"east":{"uv":[1.375,7.5,1.5,7.6875],"rotation":0,"texture":"#0","tintindex":0},"north":{"uv":[4.375,7.875,4.4375,8.0625],"rotation":0,"texture":"#0","tintindex":0},"south":{"uv":[7.875,4.375,7.9375,4.5625],"rotation":0,"texture":"#0","tintindex":0},"up":{"uv":[8.0625,4.625,8.0,4.5],"rotation":0,"texture":"#0","tintindex":0},"west":{"uv":[1.5,7.5,1.625,7.6875],"rotation":0,"texture":"#0","tintindex":0}}},{"name":"cube",