{"textures":{"0":"modelengine:entity/nocsy_skeleton_warrior"},"elements":[{"name":"cube","from":[7.5355997,4.2416,7.6976004],"to":[8.1944,7.9784,8.3024],"rotation":{"angle":0.0,"axis":"x","origin":[10.375999,11.429,8.405001]},"faces":{"down":{"uv":[1.125,7.75,1.0,7.875],"rotation":0,"texture":"#0","tintindex":0},"east":{"uv":[4.375,5.125,4.5,5.875],"rotation":0,"texture":"#0","tintindex":0},"north":{"uv":[4.25,5.125,4.375,5.875],"rotation":0,"texture":"#0","tintindex":0},"south":{"uv":[3.125,5.25,3.25,6.0],"rotation":0,"texture":"#0","tintindex":0},"up":{"uv":[7.875,1.0,7.75,0.875],"rotation":0,"texture":"#0","tintindex":0},"west":{"uv":[3.25,5.25,3.375,6.0],"rotation":0,"texture":"#0","tintindex":0}}},{"name":"cube","from":[7.4777274,7.423212,7.6874695],"to":[8.298527,8.244012,8.454269],"rotation":{"angle":45.0,"axis":"z","origin":[7.9189997,7.703,8.0]},"faces":{"down":{"uv":[6.1875,6.75,6.0,6.9375],"rotation":0,"texture":"#0","tintindex":0},"east":{"uv":[2.75,6.75,2.9375,6.9375],"rotation":0,"texture":"#0","tintindex":0},"north":{"uv":[6.75,2.25,6.9375,2.4375],"rotation":0,"texture":"#0","tintindex":0},"south":{"uv":[3.25,6.75,3.4375,6.9375],"rotation":0,"texture":"#0","tintindex":0},"up":{"uv":[6.9375,3.9375,6.75,3.75],"rotation":0,"texture":"#0","tintindex":0},"west":{"uv":[6.75,3.5,6.9375,3.6875],"rotation":0,"texture":"#0","tintindex":0}}},{"name":"cube","from":[7.232241,4.245222,7.332121],"to":[8.486294,4.741331,8.379462],"rotation":{"angle":-22.5,"axis":"x","origin":[7.9669046,5.0150347,8.078966]},"faces":{"down":{"uv":[6.625,1.0,6.375,1.1875],"rotation":0,"texture":"#0","tintindex":0},"east":{"uv":[1.875,7.375,2.0625,7.5],"rotation":0,"texture":"#0","tintindex":0},"north":{"uv":[2.875,7.25,3.125,7.375],"rotation":0,"texture":"#0","tintindex":0},"south":{"uv":[7.25,2.875,7.5,3.0],"rotation":0,"texture":"#0","tintindex":0},"up":{"uv":[1.125,6.5625,0.875,6.375],"rotation":0,"texture":"#0","tintindex":0},"west":{"uv":[2.125,7.375,2.3125,7.5],"rotation":0,"texture":"#0","tintindex":0}}},{"name":"cube","from":[7.094433,3.908111,7.055887],"to":[8.624102,4.4042196,8.723364],"rotation":{"angle":0.0,"axis":"x","origin":[7.9669046,5.0150347,8.078966]},"faces":{"down":{"uv":[5.4375,3.0,5.125,3.375],"rotation":0,"texture":"#0","tintindex":0},"east":{"uv":[6.375,0.25,6.75,0.375],"rotation":0,"texture":"#0","tintindex":0},"north":{"uv":[6.625,4.0,6.9375,4.125],"rotation":0,"texture":"#0","tintindex":0},"south":{"uv":[6.625,4.125,6.9375,4.25],"rotation":0,"texture":"#0","tintindex":0},"up":{"uv":[5.4375,3.0,5.125,2.625],"rotation":0,"texture":"#0","tintindex":0},"west":{"uv":[6.375,1.375,6.75,1.5],"rotation":0,"texture":"#0","tintindex":0}}},{"name":"cube","from":[7.1702275,3.7082894,7.338394],"to":[8.548307,4.1217136,8.64757],"rotation":{"angle":0.0,"axis":"x","origin":[7.9669046,5.0150347,8.078966]},"faces":{"down":{"uv":[5.4375,5.375,5.125,5.6875],"rotation":0,"texture":"#0","tintindex":0},"east":{"uv":[6.625,4.625,6.9375,4.75],"rotation":0,"texture":"#0","tintindex":0},"north":{"uv":[6.625,4.5,6.9375,4.625],"rotation":0,"texture":"#0","tintindex":0},"south":{"uv":[6.625,5.125,6.9375,5.25],"rotation":0,"texture":"#0","tintindex":0},"up":{"uv":[5.0625,5.6875,4.75,5.375],"rotation":0,"texture":"#0","tintindex":0},"west":{"uv":[6.625,5.5,6.9375,5.625],"rotation":0,"texture":"#0","tintindex":0}}},{"name":"cube","from":[7.368402,3.8125887,6.4858584],"to":[8.002318,4.3086977,7.5331993],"rotation":{"angle":22.5,"axis":"y","origin":[7.9669046,5.0150347,8.078966]},"faces":{"down":{"uv":[3.0,7.375,2.875,7.5625],"rotation":0,"texture":"#0","tintindex":0},"east":{"uv":[2.375,7.375,2.5625,7.5],"rotation":0,"texture":"#0","tintindex":0},"north":{"uv":[7.75,1.0,7.875,1.125],"rotation":0,"texture":"#0","tintindex":0},"south":{"uv":[1.125,7.75,1.25,7.875],"rotation":0,"texture":"#0","tintindex":0},"up":{"uv":[7.5,2.6875,7.375,2.5],"rotation":0,"texture":"#0","tintindex":0},"west":{"uv":[7.375,2.375,7.5625,2.5],"rotation":0,"texture":"#0","tintindex":0}}},{"name":"cube","from":[7.368402,3.7436845,5.8657227],"to":[8.002318,4.17089,6.2240233],"rotation":{"angle":22.5,"axis":"y","origin":[7.9669046,5.0150347,8.078966]},"faces":{"down":{"uv":[1.0,8.0,0.875,8.0625],"rotation":0,"texture":"#0","tintindex":0},"east":{"uv":[8.125,2.0,8.1875,2.0625],"rotation":0,"texture":"#0","tintindex":0},"north":{"uv":[0.5,8.0,0.625,8.0625],"rotation":0,"texture":"#0","tintindex":0},"south":{"uv":[0.625,8.0,0.75,8.0625],"rotation":0,"texture":"#0","tintindex":0},"up":{"uv":[0.875,8.0625,0.75,8.0],"rotation":0,"texture":"#0","tintindex":0},"west":{"uv":[2.125,8.125,2.1875,8.1875],"rotation":0,"texture":"#0","tintindex":0}}},{"name":"cube","from":[7.50621,3.8125887,5.590106],"to":[7.864511,4.101986,6.913063],"rotation":{"angle":22.5,"axis":"y","origin":[7.9669046,5.0150347,8.078966]},"faces":{"down":{"uv":[1.5625,7.75,1.5,8.0],"rotation":0,"texture":"#0","tintindex":0},"east":{"uv":[7.75,1.125,8.0,1.1875],"rotation":0,"texture":"#0","tintindex":0},"north":{"uv":[8.125,2.125,8.1875,2.1875],"rotation":0,"texture":"#0","tintindex":0},"south":{"uv":[2.25,8.125,2.3125,8.1875],"rotation":0,"texture":"#0","tintindex":0},"up":{"uv":[7.8125,1.5,7.75,1.25],"rotation":0,"texture":"#0","tintindex":0},"west":{"uv":[1.25,7.75,1.5,7.8125],"rotation":0,"texture":"#0","tintindex":0}}},{"name":"cube","from":[7.5550675,3.8125887,6.483574],"to":[8.188984,4.3086977,7.530915],"rotation":{"angle":0.0,"axis":"x","origin":[7.9669046,5.0150347,8.078966]},"faces":{"down":{"uv":[3.5,7.375,3.375,7.5625],"rotation":0,"texture":"#0","tintindex":0},"east":{"uv":[7.375,2.75,7.5625,2.875],"rotation":0,"texture":"#0","tintindex":0},"north":{"uv":[7.75,1.5,7.875,1.625],"rotation":0,"texture":"#0","tintindex":0},"south":{"uv":[1.625,7.75,1.75,7.875],"rotation":0,"texture":"#0","tintindex":0},"up":{"uv":[3.375,7.5625,3.25,7.375],"rotation":0,"texture":"#0","tintindex":0},"west":{"uv":[3.0,7.375,3.1875,7.5],"rotation":0,"texture":"#0","tintindex":0}}},{"name":"cube","from":[7.6928754,3.8125887,5.587822],"to":[8.051176,4.101986,6.910779],"rotation":{"angle":0.0,"axis":"x","origin":[7.9669046,5.0150347,8.078966]},"faces":{"down":{"uv":[2.0625,7.75,2.0,8.0],"rotation":0,"texture":"#0","tintindex":0},"east":{"uv":[7.75,1.625,8.0,1.6875],"rotation":0,"texture":"#0","tintindex":0},"north":{"uv":[8.125,2.25,8.1875,2.3125],"rotation":0,"texture":"#0","tintindex":0},"south":{"uv":[2.375,8.125,2.4375,8.1875],"rotation":0,"texture":"#0","tintindex":0},"up":{"uv":[7.8125,2.0,7.75,1.75],"rotation":0,"texture":"#0","tintindex":0},"west":{"uv":[1.75,7.75,2.0,7.8125],"rotation":0,"texture":"#0","tintindex":0}}},{"name":"cube","from":[7.5550675,3.7436845,5.8634386],"to":[8.188984,4.17089,6.221739],"rotation":{"angle":0.0,"axis":"x","origin":[7.9669046,5.0150347,8.078966]},"faces":{"down":{"uv":[1.375,8.0,1.25,8.0625],"rotation":0,"texture":"#0","tintindex":0},"east":{"uv":[8.125,2.375,8.1875,2.4375],"rotation":0,"texture":"#0","tintindex":0},"north":{"uv":[1.0,8.0,1.125,8.0625],"rotation":0,"texture":"#0","tintindex":0},"south":{"uv":[1.125,8.0,1.25,8.0625],"rotation":0,"texture":"#0","tintindex":0},"up":{"uv":[8.125,1.1875,8.0,1.125],"rotation":0,"texture":"#0","tintindex":0},"west":{"uv":[2.5,8.125,2.5625,8.1875],"rotation":0,"texture":"#0","tintindex":0}}},{"name":"cube","from":[8.362521,3.8125887,6.489135],"to":[8.996438,4.3086977,7.536476],"rotation":{"angle":-22.5,"axis":"y","origin":[7.8763075,4.5405407,6.484576]},"faces":{"down":{"uv":[7.5,3.75,7.375,3.9375],"rotation":0,"texture":"#0","tintindex":0},"east":{"uv":[7.375,3.5,7.5625,3.625],"rotation":0,"texture":"#0","tintindex":0},"north":{"uv":[7.75,2.0,7.875,2.125],"rotation":0,"texture":"#0","tintindex":0},"south":{"uv":[2.125,7.75,2.25,7.875],"rotation":0,"texture":"#0","tintindex":0},"up":{"uv":[3.625,7.5625,3.5,7.375],"rotation":0,"texture":"#0","tintindex":0},"west":{"uv":[7.375,3.625,7.5625,3.75],"rotation":0,"texture":"#0","tintindex":0}}},{"name":"cube",