{"textures":{"0":"modelengine:entity/nocsy_skeleton_warrior"},"elements":[{"name":"cube","from":[7.609729,5.077873,7.4648395],"to":[8.203729,8.317873,8.274839],"rotation":{"angle":0.0,"axis":"x","origin":[7.9200525,8.15208,7.963162]},"faces":{"down":{"uv":[6.375,7.375,6.25,7.5625],"rotation":0,"texture":"#0","tintindex":0},"east":{"uv":[4.625,4.25,4.8125,4.9375],"rotation":0,"texture":"#0","tintindex":0},"north":{"uv":[4.0,5.5,4.125,6.1875],"rotation":0,"texture":"#0","tintindex":0},"south":{"uv":[5.5,5.375,5.625,6.0625],"rotation":0,"texture":"#0","tintindex":0},"up":{"uv":[6.25,7.5625,6.125,7.375],"rotation":0,"texture":"#0","tintindex":0},"west":{"uv":[1.125,4.75,1.3125,5.4375],"rotation":0,"texture":"#0","tintindex":0}}},{"name":"cube","from":[7.0541105,4.7548523,7.6046124],"to":[7.928911,5.629654,8.425412],"rotation":{"angle":-45.0,"axis":"z","origin":[8.122728,4.888873,7.869839]},"faces":{"down":{"uv":[1.4375,7.0,1.25,7.1875],"rotation":0,"texture":"#0","tintindex":0},"east":{"uv":[0.0,7.0,0.1875,7.1875],"rotation":0,"texture":"#0","tintindex":0},"north":{"uv":[6.75,6.875,6.9375,7.0625],"rotation":0,"texture":"#0","tintindex":0},"south":{"uv":[7.0,0.75,7.1875,0.9375],"rotation":0,"texture":"#0","tintindex":0},"up":{"uv":[7.1875,1.1875,7.0,1.0],"rotation":0,"texture":"#0","tintindex":0},"west":{"uv":[1.0,7.0,1.1875,7.1875],"rotation":0,"texture":"#0","tintindex":0}}}],"display":{"head":{"translation":[0.0,-6.4,0.0],"rotation":[0.0,0.0,0.0],"scale":[3.8095,3.8095,3.8095]}}}