{"textures":{"0":"modelengine:entity/nocsy_skeleton_warrior"},"elements":[{"name":"cube","from":[7.8056,4.2415996,7.6976004],"to":[8.4644,7.9784,8.3024],"rotation":{"angle":0.0,"axis":"x","origin":[5.6239996,11.429,8.405001]},"faces":{"down":{"uv":[7.875,2.75,7.75,2.875],"rotation":0,"texture":"#0","tintindex":0},"east":{"uv":[3.625,5.5,3.75,6.25],"rotation":0,"texture":"#0","tintindex":0},"north":{"uv":[1.25,5.5,1.375,6.25],"rotation":0,"texture":"#0","tintindex":0},"south":{"uv":[3.75,5.5,3.875,6.25],"rotation":0,"texture":"#0","tintindex":0},"up":{"uv":[2.875,7.875,2.75,7.75],"rotation":0,"texture":"#0","tintindex":0},"west":{"uv":[3.875,5.5,4.0,6.25],"rotation":0,"texture":"#0","tintindex":0}}},{"name":"cube","from":[7.7014728,7.423212,7.6874695],"to":[8.522273,8.244012,8.454269],"rotation":{"angle":-45.0,"axis":"z","origin":[8.081,7.703,8.0]},"faces":{"down":{"uv":[7.0625,6.375,6.875,6.5625],"rotation":0,"texture":"#0","tintindex":0},"east":{"uv":[6.875,4.75,7.0625,4.9375],"rotation":0,"texture":"#0","tintindex":0},"north":{"uv":[6.875,4.25,7.0625,4.4375],"rotation":0,"texture":"#0","tintindex":0},"south":{"uv":[6.875,5.25,7.0625,5.4375],"rotation":0,"texture":"#0","tintindex":0},"up":{"uv":[7.0625,6.0625,6.875,5.875],"rotation":0,"texture":"#0","tintindex":0},"west":{"uv":[5.75,6.875,5.9375,7.0625],"rotation":0,"texture":"#0","tintindex":0}}},{"name":"cube","from":[7.513706,4.245222,7.332121],"to":[8.767759,4.741331,8.379462],"rotation":{"angle":-22.5,"axis":"x","origin":[8.033095,5.0150347,8.078966]},"faces":{"down":{"uv":[1.75,6.375,1.5,6.5625],"rotation":0,"texture":"#0","tintindex":0},"east":{"uv":[3.875,7.375,4.0625,7.5],"rotation":0,"texture":"#0","tintindex":0},"north":{"uv":[7.25,3.0,7.5,3.125],"rotation":0,"texture":"#0","tintindex":0},"south":{"uv":[3.125,7.25,3.375,7.375],"rotation":0,"texture":"#0","tintindex":0},"up":{"uv":[1.375,6.5625,1.125,6.375],"rotation":0,"texture":"#0","tintindex":0},"west":{"uv":[4.125,7.375,4.3125,7.5],"rotation":0,"texture":"#0","tintindex":0}}},{"name":"cube","from":[7.3758984,3.9081106,7.055887],"to":[8.905567,4.4042196,8.723364],"rotation":{"angle":0.0,"axis":"x","origin":[8.033095,5.0150347,8.078966]},"faces":{"down":{"uv":[5.4375,4.25,5.125,4.625],"rotation":0,"texture":"#0","tintindex":0},"east":{"uv":[6.375,1.5,6.75,1.625],"rotation":0,"texture":"#0","tintindex":0},"north":{"uv":[6.625,5.625,6.9375,5.75],"rotation":0,"texture":"#0","tintindex":0},"south":{"uv":[6.625,5.75,6.9375,5.875],"rotation":0,"texture":"#0","tintindex":0},"up":{"uv":[5.4375,3.75,5.125,3.375],"rotation":0,"texture":"#0","tintindex":0},"west":{"uv":[6.375,1.625,6.75,1.75],"rotation":0,"texture":"#0","tintindex":0}}},{"name":"cube","from":[7.4516926,3.7082891,7.338394],"to":[8.829773,4.121713,8.64757],"rotation":{"angle":0.0,"axis":"x","origin":[8.033095,5.0150347,8.078966]},"faces":{"down":{"uv":[1.1875,5.5,0.875,5.8125],"rotation":0,"texture":"#0","tintindex":0},"east":{"uv":[6.625,6.125,6.9375,6.25],"rotation":0,"texture":"#0","tintindex":0},"north":{"uv":[6.0,6.625,6.3125,6.75],"rotation":0,"texture":"#0","tintindex":0},"south":{"uv":[6.625,6.25,6.9375,6.375],"rotation":0,"texture":"#0","tintindex":0},"up":{"uv":[0.8125,5.8125,0.5,5.5],"rotation":0,"texture":"#0","tintindex":0},"west":{"uv":[6.375,6.625,6.6875,6.75],"rotation":0,"texture":"#0","tintindex":0}}},{"name":"cube","from":[7.997681,3.8125887,6.4858584],"to":[8.631598,4.3086977,7.5331993],"rotation":{"angle":-22.5,"axis":"y","origin":[8.033095,5.0150347,8.078966]},"faces":{"down":{"uv":[5.125,7.375,5.0,7.5625],"rotation":0,"texture":"#0","tintindex":0},"east":{"uv":[4.375,7.375,4.5625,7.5],"rotation":0,"texture":"#0","tintindex":0},"north":{"uv":[2.875,7.75,3.0,7.875],"rotation":0,"texture":"#0","tintindex":0},"south":{"uv":[7.75,2.875,7.875,3.0],"rotation":0,"texture":"#0","tintindex":0},"up":{"uv":[5.0,7.5625,4.875,7.375],"rotation":0,"texture":"#0","tintindex":0},"west":{"uv":[4.625,7.375,4.8125,7.5],"rotation":0,"texture":"#0","tintindex":0}}},{"name":"cube","from":[7.997681,3.7436845,5.8657227],"to":[8.631598,4.17089,6.2240233],"rotation":{"angle":-22.5,"axis":"y","origin":[8.033095,5.0150347,8.078966]},"faces":{"down":{"uv":[2.375,8.0,2.25,8.0625],"rotation":0,"texture":"#0","tintindex":0},"east":{"uv":[8.125,2.75,8.1875,2.8125],"rotation":0,"texture":"#0","tintindex":0},"north":{"uv":[1.75,8.0,1.875,8.0625],"rotation":0,"texture":"#0","tintindex":0},"south":{"uv":[2.0,8.0,2.125,8.0625],"rotation":0,"texture":"#0","tintindex":0},"up":{"uv":[8.125,2.1875,8.0,2.125],"rotation":0,"texture":"#0","tintindex":0},"west":{"uv":[2.875,8.125,2.9375,8.1875],"rotation":0,"texture":"#0","tintindex":0}}},{"name":"cube","from":[8.135489,3.8125887,5.590106],"to":[8.49379,4.101986,6.913063],"rotation":{"angle":-22.5,"axis":"y","origin":[8.033095,5.0150347,8.078966]},"faces":{"down":{"uv":[3.3125,7.75,3.25,8.0],"rotation":0,"texture":"#0","tintindex":0},"east":{"uv":[3.0,7.75,3.25,7.8125],"rotation":0,"texture":"#0","tintindex":0},"north":{"uv":[8.125,2.875,8.1875,2.9375],"rotation":0,"texture":"#0","tintindex":0},"south":{"uv":[3.0,8.125,3.0625,8.1875],"rotation":0,"texture":"#0","tintindex":0},"up":{"uv":[7.8125,3.375,7.75,3.125],"rotation":0,"texture":"#0","tintindex":0},"west":{"uv":[7.75,3.0,8.0,3.0625],"rotation":0,"texture":"#0","tintindex":0}}},{"name":"cube","from":[7.8110156,3.8125887,6.483574],"to":[8.444933,4.3086977,7.530915],"rotation":{"angle":0.0,"axis":"x","origin":[8.033095,5.0150347,8.078966]},"faces":{"down":{"uv":[5.625,7.375,5.5,7.5625],"rotation":0,"texture":"#0","tintindex":0},"east":{"uv":[5.125,7.375,5.3125,7.5],"rotation":0,"texture":"#0","tintindex":0},"north":{"uv":[3.375,7.75,3.5,7.875],"rotation":0,"texture":"#0","tintindex":0},"south":{"uv":[7.75,3.375,7.875,3.5],"rotation":0,"texture":"#0","tintindex":0},"up":{"uv":[5.5,7.5625,5.375,7.375],"rotation":0,"texture":"#0","tintindex":0},"west":{"uv":[7.375,5.25,7.5625,5.375],"rotation":0,"texture":"#0","tintindex":0}}},{"name":"cube","from":[7.9488235,3.8125887,5.587822],"to":[8.307125,4.101986,6.910779],"rotation":{"angle":0.0,"axis":"x","origin":[8.033095,5.0150347,8.078966]},"faces":{"down":{"uv":[3.8125,7.75,3.75,8.0],"rotation":0,"texture":"#0","tintindex":0},"east":{"uv":[3.5,7.75,3.75,7.8125],"rotation":0,"texture":"#0","tintindex":0},"north":{"uv":[8.125,3.0,8.1875,3.0625],"rotation":0,"texture":"#0","tintindex":0},"south":{"uv":[3.125,8.125,3.1875,8.1875],"rotation":0,"texture":"#0","tintindex":0},"up":{"uv":[7.8125,3.875,7.75,3.625],"rotation":0,"texture":"#0","tintindex":0},"west":{"uv":[7.75,3.5,8.0,3.5625],"rotation":0,"texture":"#0","tintindex":0}}},{"name":"cube","from":[7.8110156,3.7436845,5.8634386],"to":[8.444933,4.17089,6.221739],"rotation":{"angle":0.0,"axis":"x","origin":[8.033095,5.0150347,8.078966]},"faces":{"down":{"uv":[2.625,8.0,2.5,8.0625],"rotation":0,"texture":"#0","tintindex":0},"east":{"uv":[8.125,3.125,8.1875,3.1875],"rotation":0,"texture":"#0","tintindex":0},"north":{"uv":[8.0,2.25,8.125,2.3125],"rotation":0,"texture":"#0","tintindex":0},"south":{"uv":[2.375,8.0,2.5,8.0625],"rotation":0,"texture":"#0","tintindex":0},"up":{"uv":[8.125,2.4375,8.0,2.375],"rotation":0,"texture":"#0","tintindex":0},"west":{"uv":[3.25,8.125,3.3125,8.1875],"rotation":0,"texture":"#0","tintindex":0}}},{"name":"cube","from":[7.003562,3.8125887,6.4891353],"to":[7.637479,4.3086977,7.536476],"rotation":{"angle":22.5,"axis":"y","origin":[8.123693,4.5405407,6.484576]},"faces":{"down":{"uv":[6.125,7.375,6.0,7.5625],"rotation":0,"texture":"#0","tintindex":0},"east":{"uv":[7.375,5.375,7.5625,5.5],"rotation":0,"texture":"#0","tintindex":0},"north":{"uv":[3.875,7.75,4.0,7.875],"rotation":0,"texture":"#0","tintindex":0},"south":{"uv":[7.75,3.875,7.875,4.0],"rotation":0,"texture":"#0","tintindex":0},"up":{"uv":[7.5,6.0625,7.375,5.875],"rotation":0,"texture":"#0","tintindex":0},"west":{"uv":[5.75,7.375,5.9375,7.5],"rotation":0,"texture":"#0","tintindex":0}}},{"name":"cube",