{"textures":{"0":"modelengine:entity/nocsy_skeleton_warrior"},"elements":[{"name":"cube","from":[6.384,5.5703516,4.293905],"to":[7.356,10.082352,5.205905],"rotation":{"angle":0.0,"axis":"x","origin":[9.2244,14.671752,7.9983053]},"faces":{"down":{"uv":[7.1875,2.25,7.0,2.4375],"rotation":0,"texture":"#0","tintindex":0},"east":{"uv":[0.25,3.875,0.4375,4.8125],"rotation":0,"texture":"#0","tintindex":0},"north":{"uv":[0.0,3.875,0.1875,4.8125],"rotation":0,"texture":"#0","tintindex":0},"south":{"uv":[2.625,4.0,2.8125,4.9375],"rotation":0,"texture":"#0","tintindex":0},"up":{"uv":[2.4375,7.1875,2.25,7.0],"rotation":0,"texture":"#0","tintindex":0},"west":{"uv":[2.875,4.0,3.0625,4.9375],"rotation":0,"texture":"#0","tintindex":0}}},{"name":"cube","from":[6.387,9.113352,2.7969046],"to":[7.353,11.219353,3.7029047],"rotation":{"angle":45.0,"axis":"x","origin":[6.87,7.826352,4.749905]},"faces":{"down":{"uv":[7.1875,2.5,7.0,2.6875],"rotation":0,"texture":"#0","tintindex":0},"east":{"uv":[5.75,0.75,5.9375,1.1875],"rotation":0,"texture":"#0","tintindex":0},"north":{"uv":[5.625,4.0,5.8125,4.4375],"rotation":0,"texture":"#0","tintindex":0},"south":{"uv":[1.5,5.75,1.6875,6.1875],"rotation":0,"texture":"#0","tintindex":0},"up":{"uv":[2.6875,7.1875,2.5,7.0],"rotation":0,"texture":"#0","tintindex":0},"west":{"uv":[1.75,5.75,1.9375,6.1875],"rotation":0,"texture":"#0","tintindex":0}}},{"name":"cube","from":[6.387,5.6486416,1.1108744],"to":[7.353,7.754642,2.0168748],"rotation":{"angle":-45.0,"axis":"x","origin":[6.87,10.541641,5.343875]},"faces":{"down":{"uv":[7.1875,2.75,7.0,2.9375],"rotation":0,"texture":"#0","tintindex":0},"east":{"uv":[5.75,3.375,5.9375,3.8125],"rotation":0,"texture":"#0","tintindex":0},"north":{"uv":[2.0,5.75,2.1875,6.1875],"rotation":0,"texture":"#0","tintindex":0},"south":{"uv":[5.75,4.5,5.9375,4.9375],"rotation":0,"texture":"#0","tintindex":0},"up":{"uv":[2.9375,7.1875,2.75,7.0],"rotation":0,"texture":"#0","tintindex":0},"west":{"uv":[4.75,5.75,4.9375,6.1875],"rotation":0,"texture":"#0","tintindex":0}}},{"name":"cube","from":[6.387,5.6486416,8.670876],"to":[7.353,7.754642,9.576875],"rotation":{"angle":-45.0,"axis":"x","origin":[6.87,10.541641,5.343875]},"faces":{"down":{"uv":[7.1875,3.0,7.0,3.1875],"rotation":0,"texture":"#0","tintindex":0},"east":{"uv":[5.75,5.0,5.9375,5.4375],"rotation":0,"texture":"#0","tintindex":0},"north":{"uv":[5.0,5.75,5.1875,6.1875],"rotation":0,"texture":"#0","tintindex":0},"south":{"uv":[5.25,5.75,5.4375,6.1875],"rotation":0,"texture":"#0","tintindex":0},"up":{"uv":[3.1875,7.1875,3.0,7.0],"rotation":0,"texture":"#0","tintindex":0},"west":{"uv":[5.75,5.5,5.9375,5.9375],"rotation":0,"texture":"#0","tintindex":0}}},{"name":"cube","from":[6.387,9.113352,10.416905],"to":[7.353,11.219353,11.322906],"rotation":{"angle":45.0,"axis":"x","origin":[6.87,7.826352,4.749905]},"faces":{"down":{"uv":[7.1875,3.25,7.0,3.4375],"rotation":0,"texture":"#0","tintindex":0},"east":{"uv":[0.5,5.875,0.6875,6.3125],"rotation":0,"texture":"#0","tintindex":0},"north":{"uv":[5.875,0.0,6.0625,0.4375],"rotation":0,"texture":"#0","tintindex":0},"south":{"uv":[0.75,5.875,0.9375,6.3125],"rotation":0,"texture":"#0","tintindex":0},"up":{"uv":[3.4375,7.1875,3.25,7.0],"rotation":0,"texture":"#0","tintindex":0},"west":{"uv":[1.0,5.875,1.1875,6.3125],"rotation":0,"texture":"#0","tintindex":0}}},{"name":"cube","from":[6.384,5.5703516,10.893905],"to":[7.356,10.082352,11.805905],"rotation":{"angle":0.0,"axis":"x","origin":[9.2244,14.671752,7.9983053]},"faces":{"down":{"uv":[7.1875,3.5,7.0,3.6875],"rotation":0,"texture":"#0","tintindex":0},"east":{"uv":[0.75,4.125,0.9375,5.0625],"rotation":0,"texture":"#0","tintindex":0},"north":{"uv":[0.5,4.125,0.6875,5.0625],"rotation":0,"texture":"#0","tintindex":0},"south":{"uv":[4.125,0.875,4.3125,1.8125],"rotation":0,"texture":"#0","tintindex":0},"up":{"uv":[3.6875,7.1875,3.5,7.0],"rotation":0,"texture":"#0","tintindex":0},"west":{"uv":[4.25,3.0,4.4375,3.9375],"rotation":0,"texture":"#0","tintindex":0}}},{"name":"cube","from":[6.5699997,4.9763517,5.199905],"to":[7.17,10.676352,10.899904],"rotation":{"angle":0.0,"axis":"x","origin":[9.2244,14.671752,7.9983053]},"faces":{"down":{"uv":[3.625,4.625,3.5,5.8125],"rotation":0,"texture":"#0","tintindex":0},"east":{"uv":[0.0,1.25,1.1875,2.4375],"rotation":0,"texture":"#0","tintindex":0},"north":{"uv":[1.0,4.125,1.125,5.3125],"rotation":0,"texture":"#0","tintindex":0},"south":{"uv":[4.5,4.5,4.625,5.6875],"rotation":0,"texture":"#0","tintindex":0},"up":{"uv":[3.5,5.8125,3.375,4.625],"rotation":0,"texture":"#0","tintindex":0},"west":{"uv":[1.25,1.25,2.4375,2.4375],"rotation":0,"texture":"#0","tintindex":0}}},{"name":"cube","from":[6.384,4.0583515,5.7939053],"to":[7.356,4.970352,10.305904],"rotation":{"angle":0.0,"axis":"x","origin":[9.2244,14.659752,7.398305]},"faces":{"down":{"uv":[1.5625,4.375,1.375,5.3125],"rotation":0,"texture":"#0","tintindex":0},"east":{"uv":[4.125,1.875,5.0625,2.0625],"rotation":0,"texture":"#0","tintindex":0},"north":{"uv":[3.75,7.0,3.9375,7.1875],"rotation":0,"texture":"#0","tintindex":0},"south":{"uv":[7.0,3.75,7.1875,3.9375],"rotation":0,"texture":"#0","tintindex":0},"up":{"uv":[4.5625,1.8125,4.375,0.875],"rotation":0,"texture":"#0","tintindex":0},"west":{"uv":[3.625,4.25,4.5625,4.4375],"rotation":0,"texture":"#0","tintindex":0}}},{"name":"cube","from":[6.384,10.670352,5.7939053],"to":[7.356,11.582352,10.305904],"rotation":{"angle":0.0,"axis":"x","origin":[9.2244,14.671752,7.9983053]},"faces":{"down":{"uv":[2.0625,4.375,1.875,5.3125],"rotation":0,"texture":"#0","tintindex":0},"east":{"uv":[4.25,4.0,5.1875,4.1875],"rotation":0,"texture":"#0","tintindex":0},"north":{"uv":[4.0,7.0,4.1875,7.1875],"rotation":0,"texture":"#0","tintindex":0},"south":{"uv":[7.0,4.0,7.1875,4.1875],"rotation":0,"texture":"#0","tintindex":0},"up":{"uv":[1.8125,5.3125,1.625,4.375],"rotation":0,"texture":"#0","tintindex":0},"west":{"uv":[4.375,0.0,5.3125,0.1875],"rotation":0,"texture":"#0","tintindex":0}}},{"name":"cube","from":[6.744,7.1453514,6.813905],"to":[8.376,8.284152,7.034705],"rotation":{"angle":0.0,"axis":"x","origin":[9.2244,14.671752,7.9983053]},"faces":{"down":{"uv":[7.9375,0.0,7.625,0.0625],"rotation":0,"texture":"#0","tintindex":0},"east":{"uv":[4.5,7.75,4.5625,8.0],"rotation":0,"texture":"#0","tintindex":0},"north":{"uv":[5.875,4.0,6.1875,4.25],"rotation":0,"texture":"#0","tintindex":0},"south":{"uv":[4.25,5.875,4.5625,6.125],"rotation":0,"texture":"#0","tintindex":0},"up":{"uv":[7.8125,7.5625,7.5,7.5],"rotation":0,"texture":"#0","tintindex":0},"west":{"uv":[7.75,4.5,7.8125,4.75],"rotation":0,"texture":"#0","tintindex":0}}},{"name":"cube","from":[6.804,7.1453514,8.793905],"to":[8.376,8.284152,9.014706],"rotation":{"angle":0.0,"axis":"x","origin":[9.2244,14.671752,7.9983053]},"faces":{"down":{"uv":[7.9375,0.25,7.625,0.3125],"rotation":0,"texture":"#0","tintindex":0},"east":{"uv":[4.625,7.75,4.6875,8.0],"rotation":0,"texture":"#0","tintindex":0},"north":{"uv":[5.875,4.25,6.1875,4.5],"rotation":0,"texture":"#0","tintindex":0},"south":{"uv":[6.0,0.75,6.3125,1.0],"rotation":0,"texture":"#0","tintindex":0},"up":{"uv":[7.9375,0.1875,7.625,0.125],"rotation":0,"texture":"#0","tintindex":0},"west":{"uv":[4.75,7.75,4.8125,8.0],"rotation":0,"texture":"#0","tintindex":0}}},{"name":"cube","from":[8.064,7.1453514,6.993905],"to":[8.376,8.284152,8.834705],"rotation":{"angle":0.0,"axis":"x","origin":[9.2244,14.671752,7.9983053]},"faces":{"down":{"uv":[2.4375,7.5,2.375,7.875],"rotation":0,"texture":"#0","tintindex":0},"east":{"uv":[3.25,2.25,3.625,2.5],"rotation":0,"texture":"#0","tintindex":0},"north":{"uv":[7.75,4.75,7.8125,5.0],"rotation":0,"texture":"#0","tintindex":0},"south":{"uv":[4.875,7.75,4.9375,8.0],"rotation":0,"texture":"#0","tintindex":0},"up":{"uv":[2.3125,7.875,2.25,7.5],"rotation":0,"texture":"#0","tintindex":0},"west":{"uv":[5.25,4.0,5.625,4.25],"rotation":0,"texture":"#0","tintindex":0}}}],"display":{"head":{"translation":[0.0,-6.4,0.0],"rotation":[0.0,0.0,0.0],