{"textures":{"0":"modelengine:entity/nocsy_skeleton_brute_skin"},"elements":[{"name":"cube","from":[6.018689,5.713936,3.1903815],"to":[9.98131,6.7560763,8.353003],"rotation":{"angle":0.0,"axis":"x","origin":[9.824874,2.350878,4.691692]},"faces":{"down":{"uv":[2.375,7.125,1.5,8.25],"rotation":0,"texture":"#0","tintindex":0},"east":{"uv":[11.375,4.75,12.5,5.0],"rotation":0,"texture":"#0","tintindex":0},"north":{"uv":[12.0,3.25,12.875,3.5],"rotation":0,"texture":"#0","tintindex":0},"south":{"uv":[12.0,3.875,12.875,4.125],"rotation":0,"texture":"#0","tintindex":0},"up":{"uv":[1.5,8.25,0.625,7.125],"rotation":0,"texture":"#0","tintindex":0},"west":{"uv":[11.375,5.0,12.5,5.25],"rotation":0,"texture":"#0","tintindex":0}}},{"name":"cube","from":[6.5,5.2879353,3.7843814],"to":[9.5,5.8879356,7.9843817],"rotation":{"angle":0.0,"axis":"x","origin":[9.712184,2.350878,4.691692]},"faces":{"down":{"uv":[10.0,3.75,9.375,4.625],"rotation":0,"texture":"#0","tintindex":0},"east":{"uv":[12.625,10.75,13.5,10.875],"rotation":0,"texture":"#0","tintindex":0},"north":{"uv":[13.375,7.25,14.0,7.375],"rotation":0,"texture":"#0","tintindex":0},"south":{"uv":[13.375,7.375,14.0,7.5],"rotation":0,"texture":"#0","tintindex":0},"up":{"uv":[9.75,7.625,9.125,6.75],"rotation":0,"texture":"#0","tintindex":0},"west":{"uv":[12.625,12.25,13.5,12.375],"rotation":0,"texture":"#0","tintindex":0}}},{"name":"cube","from":[6.0246897,5.719936,3.4963815],"to":[8.17531,6.7500763,8.647003],"rotation":{"angle":45.0,"axis":"y","origin":[8.0,6.5350075,5.771692]},"faces":{"down":{"uv":[9.625,1.625,9.125,2.75],"rotation":0,"texture":"#0","tintindex":0},"east":{"uv":[11.375,5.25,12.5,5.5],"rotation":0,"texture":"#0","tintindex":0},"north":{"uv":[12.625,12.0,13.125,12.25],"rotation":0,"texture":"#0","tintindex":0},"south":{"uv":[12.125,12.625,12.625,12.875],"rotation":0,"texture":"#0","tintindex":0},"up":{"uv":[7.5,10.0,7.0,8.875],"rotation":0,"texture":"#0","tintindex":0},"west":{"uv":[11.375,8.0,12.5,8.25],"rotation":0,"texture":"#0","tintindex":0}}},{"name":"cube","from":[7.82469,5.719936,3.4963815],"to":[9.97531,6.7500763,8.647003],"rotation":{"angle":-45.0,"axis":"y","origin":[8.0,6.5350075,5.771692]},"faces":{"down":{"uv":[9.375,9.25,8.875,10.375],"rotation":0,"texture":"#0","tintindex":0},"east":{"uv":[11.375,8.25,12.5,8.5],"rotation":0,"texture":"#0","tintindex":0},"north":{"uv":[12.625,12.625,13.125,12.875],"rotation":0,"texture":"#0","tintindex":0},"south":{"uv":[1.75,12.75,2.25,13.0],"rotation":0,"texture":"#0","tintindex":0},"up":{"uv":[8.875,10.375,8.375,9.25],"rotation":0,"texture":"#0","tintindex":0},"west":{"uv":[11.375,11.0,12.5,11.25],"rotation":0,"texture":"#0","tintindex":0}}},{"name":"cube","from":[6.018689,6.313936,3.4903817],"to":[9.38131,7.3560762,4.453002],"rotation":{"angle":45.0,"axis":"y","origin":[8.0,7.1350074,5.771692]},"faces":{"down":{"uv":[12.875,3.5,12.125,3.75],"rotation":0,"texture":"#0","tintindex":0},"east":{"uv":[9.75,10.125,10.0,10.375],"rotation":0,"texture":"#0","tintindex":0},"north":{"uv":[12.125,1.75,12.875,2.0],"rotation":0,"texture":"#0","tintindex":0},"south":{"uv":[12.125,2.0,12.875,2.25],"rotation":0,"texture":"#0","tintindex":0},"up":{"uv":[12.875,3.0,12.125,2.75],"rotation":0,"texture":"#0","tintindex":0},"west":{"uv":[8.5,13.375,8.75,13.625],"rotation":0,"texture":"#0","tintindex":0}}},{"name":"cube","from":[6.0126896,6.3079357,3.1843815],"to":[9.98731,7.3620768,4.1590023],"rotation":{"angle":0.0,"axis":"x","origin":[9.824874,2.950878,4.691692]},"faces":{"down":{"uv":[12.875,7.625,12.0,7.875],"rotation":0,"texture":"#0","tintindex":0},"east":{"uv":[9.5,13.375,9.75,13.625],"rotation":0,"texture":"#0","tintindex":0},"north":{"uv":[12.0,4.125,12.875,4.375],"rotation":0,"texture":"#0","tintindex":0},"south":{"uv":[12.0,7.125,12.875,7.375],"rotation":0,"texture":"#0","tintindex":0},"up":{"uv":[12.875,7.625,12.0,7.375],"rotation":0,"texture":"#0","tintindex":0},"west":{"uv":[13.5,1.25,13.75,1.5],"rotation":0,"texture":"#0","tintindex":0}}},{"name":"cube","from":[6.6186895,6.313936,3.4903817],"to":[9.98131,7.3560762,4.453002],"rotation":{"angle":-45.0,"axis":"y","origin":[8.0,7.1350074,5.771692]},"faces":{"down":{"uv":[8.875,12.125,8.125,12.375],"rotation":0,"texture":"#0","tintindex":0},"east":{"uv":[1.75,13.5,2.0,13.75],"rotation":0,"texture":"#0","tintindex":0},"north":{"uv":[12.125,4.375,12.875,4.625],"rotation":0,"texture":"#0","tintindex":0},"south":{"uv":[12.125,5.5,12.875,5.75],"rotation":0,"texture":"#0","tintindex":0},"up":{"uv":[12.875,6.0,12.125,5.75],"rotation":0,"texture":"#0","tintindex":0},"west":{"uv":[2.0,13.5,2.25,13.75],"rotation":0,"texture":"#0","tintindex":0}}},{"name":"cube","from":[4.81269,5.7079363,5.5843816],"to":[11.18731,8.562077,8.359002],"rotation":{"angle":0.0,"axis":"x","origin":[9.824874,2.350878,4.691692]},"faces":{"down":{"uv":[9.375,2.75,8.0,3.375],"rotation":0,"texture":"#0","tintindex":0},"east":{"uv":[10.0,3.75,10.625,4.375],"rotation":0,"texture":"#0","tintindex":0},"north":{"uv":[7.75,1.5,9.125,2.125],"rotation":0,"texture":"#0","tintindex":0},"south":{"uv":[7.75,2.125,9.125,2.75],"rotation":0,"texture":"#0","tintindex":0},"up":{"uv":[3.75,8.5,2.375,7.875],"rotation":0,"texture":"#0","tintindex":0},"west":{"uv":[10.25,1.625,10.875,2.25],"rotation":0,"texture":"#0","tintindex":0}}}],"display":{"head":{"translation":[0.0,-6.4,0.0],"rotation":[0.0,0.0,0.0],"scale":[3.8095,3.8095,3.8095]}}}