{"textures":{"0":"modelengine:entity/nocsy_skeleton_brute_skin"},"elements":[{"name":"cube","from":[7.8258886,2.143621,7.1889715],"to":[8.598911,8.00943,8.6224165],"rotation":{"angle":0.0,"axis":"x","origin":[10.546251,13.846947,8.0]},"faces":{"down":{"uv":[5.75,10.625,5.625,10.875],"rotation":0,"texture":"#0","tintindex":0},"east":{"uv":[3.5,10.875,3.75,12.125],"rotation":0,"texture":"#0","tintindex":0},"north":{"uv":[0.375,12.625,0.5,13.875],"rotation":0,"texture":"#0","tintindex":0},"south":{"uv":[3.5,12.625,3.625,13.875],"rotation":0,"texture":"#0","tintindex":0},"up":{"uv":[10.5,6.75,10.375,6.5],"rotation":0,"texture":"#0","tintindex":0},"west":{"uv":[6.75,10.875,7.0,12.125],"rotation":0,"texture":"#0","tintindex":0}}},{"name":"cube","from":[6.905488,2.143621,7.1889715],"to":[7.5369115,8.00943,8.6224165],"rotation":{"angle":0.0,"axis":"x","origin":[10.546251,13.846947,8.0]},"faces":{"down":{"uv":[13.25,9.0,13.125,9.25],"rotation":0,"texture":"#0","tintindex":0},"east":{"uv":[5.125,11.0,5.375,12.25],"rotation":0,"texture":"#0","tintindex":0},"north":{"uv":[3.625,12.625,3.75,13.875],"rotation":0,"texture":"#0","tintindex":0},"south":{"uv":[3.75,12.625,3.875,13.875],"rotation":0,"texture":"#0","tintindex":0},"up":{"uv":[1.0,13.25,0.875,13.0],"rotation":0,"texture":"#0","tintindex":0},"west":{"uv":[7.375,11.0,7.625,12.25],"rotation":0,"texture":"#0","tintindex":0}}},{"name":"cube","from":[6.777345,6.602684,6.734502],"to":[9.013096,8.838435,8.875948],"rotation":{"angle":0.0,"axis":"x","origin":[8.188611,6.6325684,7.9056945]},"faces":{"down":{"uv":[12.125,1.75,11.625,2.25],"rotation":0,"texture":"#0","tintindex":0},"east":{"uv":[11.5,8.5,12.0,9.0],"rotation":0,"texture":"#0","tintindex":0},"north":{"uv":[7.625,11.5,8.125,12.0],"rotation":0,"texture":"#0","tintindex":0},"south":{"uv":[11.5,9.0,12.0,9.5],"rotation":0,"texture":"#0","tintindex":0},"up":{"uv":[12.125,1.75,11.625,1.25],"rotation":0,"texture":"#0","tintindex":0},"west":{"uv":[10.75,11.5,11.25,12.0],"rotation":0,"texture":"#0","tintindex":0}}},{"name":"cube","from":[6.577567,-0.31926394,6.511816],"to":[8.179103,2.3324587,9.426085],"rotation":{"angle":0.0,"axis":"x","origin":[11.513448,18.597233,8.034588]},"faces":{"down":{"uv":[1.375,11.75,1.0,12.375],"rotation":0,"texture":"#0","tintindex":0},"east":{"uv":[11.0,5.875,11.625,6.375],"rotation":0,"texture":"#0","tintindex":0},"north":{"uv":[3.0,12.25,3.375,12.75],"rotation":0,"texture":"#0","tintindex":0},"south":{"uv":[5.125,12.25,5.5,12.75],"rotation":0,"texture":"#0","tintindex":0},"up":{"uv":[4.125,12.25,3.75,11.625],"rotation":0,"texture":"#0","tintindex":0},"west":{"uv":[7.625,11.0,8.25,11.5],"rotation":0,"texture":"#0","tintindex":0}}},{"name":"cube","from":[5.798767,1.592336,6.087016],"to":[10.060928,2.314496,9.641176],"rotation":{"angle":0.0,"axis":"x","origin":[7.9801354,2.564197,7.862751]},"faces":{"down":{"uv":[9.375,4.5,8.5,5.25],"rotation":0,"texture":"#0","tintindex":0},"east":{"uv":[12.875,12.5,13.625,12.625],"rotation":0,"texture":"#0","tintindex":0},"north":{"uv":[12.875,4.375,13.75,4.5],"rotation":0,"texture":"#0","tintindex":0},"south":{"uv":[12.875,4.5,13.75,4.625],"rotation":0,"texture":"#0","tintindex":0},"up":{"uv":[9.375,4.5,8.5,3.75],"rotation":0,"texture":"#0","tintindex":0},"west":{"uv":[13.125,1.5,13.875,1.625],"rotation":0,"texture":"#0","tintindex":0}}},{"name":"cube","from":[5.798767,4.636736,6.087016],"to":[10.060928,5.358896,9.641176],"rotation":{"angle":0.0,"axis":"x","origin":[7.9801354,2.564197,7.862751]},"faces":{"down":{"uv":[4.875,8.625,4.0,9.375],"rotation":0,"texture":"#0","tintindex":0},"east":{"uv":[13.125,1.625,13.875,1.75],"rotation":0,"texture":"#0","tintindex":0},"north":{"uv":[12.875,6.5,13.75,6.625],"rotation":0,"texture":"#0","tintindex":0},"south":{"uv":[12.875,7.625,13.75,7.75],"rotation":0,"texture":"#0","tintindex":0},"up":{"uv":[4.0,9.375,3.125,8.625],"rotation":0,"texture":"#0","tintindex":0},"west":{"uv":[13.125,1.75,13.875,1.875],"rotation":0,"texture":"#0","tintindex":0}}},{"name":"cube","from":[6.0182476,2.3074162,6.3064966],"to":[9.841448,4.714616,9.421696],"rotation":{"angle":0.0,"axis":"x","origin":[7.9801354,2.564197,7.862751]},"faces":{"down":{"uv":[8.375,8.75,7.5,9.5],"rotation":0,"texture":"#0","tintindex":0},"east":{"uv":[9.75,7.375,10.5,8.0],"rotation":0,"texture":"#0","tintindex":0},"north":{"uv":[9.375,2.75,10.25,3.375],"rotation":0,"texture":"#0","tintindex":0},"south":{"uv":[9.375,4.625,10.25,5.25],"rotation":0,"texture":"#0","tintindex":0},"up":{"uv":[5.75,9.5,4.875,8.75],"rotation":0,"texture":"#0","tintindex":0},"west":{"uv":[9.875,5.25,10.625,5.875],"rotation":0,"texture":"#0","tintindex":0}}},{"name":"cube","from":[4.698247,-7.2925844,7.8016963],"to":[8.298248,2.9074156,7.8016963],"rotation":{"angle":-45.0,"axis":"z","origin":[7.9801354,2.564197,7.862751]},"faces":{"down":{"uv":[0.75,0.0,0.0,0.0],"rotation":0,"texture":"#0","tintindex":0},"east":{"uv":[0.0,0.0,0.0,2.125],"rotation":0,"texture":"#0","tintindex":0},"north":{"uv":[4.625,0.75,5.375,2.875],"rotation":0,"texture":"#0","tintindex":0},"south":{"uv":[4.625,2.875,5.375,5.0],"rotation":0,"texture":"#0","tintindex":0},"up":{"uv":[0.75,0.0,0.0,0.0],"rotation":0,"texture":"#0","tintindex":0},"west":{"uv":[0.0,0.0,0.0,2.125],"rotation":0,"texture":"#0","tintindex":0}}},{"name":"cube","from":[6.1382475,-5.192585,7.2016964],"to":[9.738248,5.007416,7.2016964],"rotation":{"angle":-45.0,"axis":"z","origin":[7.9801354,2.564197,7.862751]},"faces":{"down":{"uv":[0.75,0.0,0.0,0.0],"rotation":0,"texture":"#0","tintindex":0},"east":{"uv":[0.0,0.0,0.0,2.125],"rotation":0,"texture":"#0","tintindex":0},"north":{"uv":[0.0,5.0,0.75,7.125],"rotation":0,"texture":"#0","tintindex":0},"south":{"uv":[0.75,5.0,1.5,7.125],"rotation":0,"texture":"#0","tintindex":0},"up":{"uv":[0.75,0.0,0.0,0.0],"rotation":0,"texture":"#0","tintindex":0},"west":{"uv":[0.0,0.0,0.0,2.125],"rotation":0,"texture":"#0","tintindex":0}}},{"name":"cube","from":[5.6582475,-4.892585,8.461696],"to":[9.258247,5.307416,8.461696],"rotation":{"angle":-45.0,"axis":"z","origin":[7.9801354,2.564197,7.862751]},"faces":{"down":{"uv":[0.75,0.0,0.0,0.0],"rotation":0,"texture":"#0","tintindex":0},"east":{"uv":[0.0,0.0,0.0,2.125],"rotation":0,"texture":"#0","tintindex":0},"north":{"uv":[1.5,5.0,2.25,7.125],"rotation":0,"texture":"#0","tintindex":0},"south":{"uv":[2.25,5.0,3.0,7.125],"rotation":0,"texture":"#0","tintindex":0},"up":{"uv":[0.75,0.0,0.0,0.0],"rotation":0,"texture":"#0","tintindex":0},"west":{"uv":[0.0,0.0,0.0,2.125],"rotation":0,"texture":"#0","tintindex":0}}},{"name":"cube","from":[6.446294,-1.6319981,6.4461794],"to":[7.785283,0.4946313,7.194438],"rotation":{"angle":0.0,"axis":"x","origin":[7.432737,-1.9022398,7.952542]},"faces":{"down":{"uv":[9.5,14.0,9.25,14.125],"rotation":0,"texture":"#0","tintindex":0},"east":{"uv":[5.375,13.5,5.5,14.0],"rotation":0,"texture":"#0","tintindex":0},"north":{"uv":[0.625,12.75,0.875,13.25],"rotation":0,"texture":"#0","tintindex":0},"south":{"uv":[2.25,12.75,2.5,13.25],"rotation":0,"texture":"#0","tintindex":0},"up":{"uv":[14.25,9.25,14.0,9.125],"rotation":0,"texture":"#0","tintindex":0},"west":{"uv":[5.5,13.5,5.625,14.0],"rotation":0,"texture":"#0","tintindex":0}}},{"name":"cube","from":[6.715193,-2.7744904,6.59058],"to":[7.76538,-0.9366627,7.115674],"rotation":{"angle":45.0,"axis":"z","origin":[7.432737,-1.66224,7.952542]},"faces":{"down":{"uv":[14.25,9.375,14.0,9.5],"rotation":0,"texture":"#0","tintindex":0},"east":{"uv":[11.5,5.5,11.625,5.875],"rotation":0,"texture":"#0","tintindex":0},"north":{"uv":[13.125,1.875,13.375,2.25],"rotation":0,"texture":"#0","tintindex":0},"south":{"uv":[13.125,2.75,13.375,3.125],"rotation":0,"texture":"#0","tintindex":0},"up":{"uv":[14.25,9.375,14.0,9.25],"rotation":0,"texture":"#0","tintindex":0},"west":{"uv":[11.5,9.5,11.625,9.875],"rotation":0,"texture":"#0","tintindex":0}}},{"name":"cube","from":[8.160761,-2.6828084,6.6562166],"to":[9.079676,-1.936254,7.0500374],"rotation":{"angle":-22.5,