{"textures":{"0":"modelengine:entity/nocsy_skeleton_brute_skin"},"elements":[{"name":"cube","from":[7.685883,1.8792166,8.141493],"to":[8.468906,7.99768,8.664597],"rotation":{"angle":0.0,"axis":"x","origin":[12.303676,13.110569,8.642445]},"faces":{"down":{"uv":[8.25,11.5,8.125,11.625],"rotation":0,"texture":"#0","tintindex":0},"east":{"uv":[0.0,12.625,0.125,13.875],"rotation":0,"texture":"#0","tintindex":0},"north":{"uv":[5.75,12.5,5.875,13.75],"rotation":0,"texture":"#0","tintindex":0},"south":{"uv":[0.125,12.625,0.25,13.875],"rotation":0,"texture":"#0","tintindex":0},"up":{"uv":[4.625,11.625,4.5,11.5],"rotation":0,"texture":"#0","tintindex":0},"west":{"uv":[0.25,12.625,0.375,13.875],"rotation":0,"texture":"#0","tintindex":0}}},{"name":"cube","from":[7.679883,2.4732165,6.6354923],"to":[8.474907,8.00368,7.5305967],"rotation":{"angle":0.0,"axis":"x","origin":[12.303676,13.110569,8.642445]},"faces":{"down":{"uv":[12.125,9.375,12.0,9.5],"rotation":0,"texture":"#0","tintindex":0},"east":{"uv":[6.125,12.625,6.25,13.75],"rotation":0,"texture":"#0","tintindex":0},"north":{"uv":[4.375,12.625,4.5,13.75],"rotation":0,"texture":"#0","tintindex":0},"south":{"uv":[9.75,12.625,9.875,13.75],"rotation":0,"texture":"#0","tintindex":0},"up":{"uv":[11.75,2.375,11.625,2.25],"rotation":0,"texture":"#0","tintindex":0},"west":{"uv":[9.875,12.625,10.0,13.75],"rotation":0,"texture":"#0","tintindex":0}}},{"name":"cube","from":[7.139883,6.8532166,6.575493],"to":[9.314907,8.783681,8.670596],"rotation":{"angle":0.0,"axis":"x","origin":[12.303676,13.110569,8.642445]},"faces":{"down":{"uv":[12.625,9.75,12.125,10.125],"rotation":0,"texture":"#0","tintindex":0},"east":{"uv":[10.0,12.625,10.375,13.0],"rotation":0,"texture":"#0","tintindex":0},"north":{"uv":[10.75,12.0,11.25,12.375],"rotation":0,"texture":"#0","tintindex":0},"south":{"uv":[4.5,12.125,5.0,12.5],"rotation":0,"texture":"#0","tintindex":0},"up":{"uv":[12.625,9.75,12.125,9.375],"rotation":0,"texture":"#0","tintindex":0},"west":{"uv":[12.625,10.0,13.0,10.375],"rotation":0,"texture":"#0","tintindex":0}}},{"name":"cube","from":[6.365883,-2.980783,4.421492],"to":[9.7258835,-0.8207836,8.981492],"rotation":{"angle":0.0,"axis":"x","origin":[7.9236755,0.2705686,8.642445]},"faces":{"down":{"uv":[6.375,9.375,5.75,10.25],"rotation":0,"texture":"#0","tintindex":0},"east":{"uv":[10.625,5.5,11.5,5.875],"rotation":0,"texture":"#0","tintindex":0},"north":{"uv":[9.625,2.375,10.25,2.75],"rotation":0,"texture":"#0","tintindex":0},"south":{"uv":[1.75,10.5,2.375,10.875],"rotation":0,"texture":"#0","tintindex":0},"up":{"uv":[4.75,10.25,4.125,9.375],"rotation":0,"texture":"#0","tintindex":0},"west":{"uv":[10.875,2.375,11.75,2.75],"rotation":0,"texture":"#0","tintindex":0}}},{"name":"cube","from":[6.245883,-3.1007833,4.301492],"to":[9.845883,-2.440784,9.101493],"rotation":{"angle":0.0,"axis":"x","origin":[7.9236755,0.2705686,8.642445]},"faces":{"down":{"uv":[10.0,9.25,9.375,10.125],"rotation":0,"texture":"#0","tintindex":0},"east":{"uv":[12.875,0.5,13.75,0.625],"rotation":0,"texture":"#0","tintindex":0},"north":{"uv":[7.875,13.375,8.5,13.5],"rotation":0,"texture":"#0","tintindex":0},"south":{"uv":[13.375,7.875,14.0,8.0],"rotation":0,"texture":"#0","tintindex":0},"up":{"uv":[7.0,10.25,6.375,9.375],"rotation":0,"texture":"#0","tintindex":0},"west":{"uv":[12.875,0.625,13.75,0.75],"rotation":0,"texture":"#0","tintindex":0}}},{"name":"cube","from":[6.545883,-1.0007839,5.801492],"to":[9.545883,-0.40078378,8.801493],"rotation":{"angle":-22.5,"axis":"x","origin":[8.045883,-1.9007831,6.7014923]},"faces":{"down":{"uv":[11.0,0.75,10.375,1.375],"rotation":0,"texture":"#0","tintindex":0},"east":{"uv":[13.375,8.125,14.0,8.25],"rotation":0,"texture":"#0","tintindex":0},"north":{"uv":[13.375,8.0,14.0,8.125],"rotation":0,"texture":"#0","tintindex":0},"south":{"uv":[8.875,13.375,9.5,13.5],"rotation":0,"texture":"#0","tintindex":0},"up":{"uv":[10.875,8.625,10.25,8.0],"rotation":0,"texture":"#0","tintindex":0},"west":{"uv":[13.375,9.625,14.0,9.75],"rotation":0,"texture":"#0","tintindex":0}}},{"name":"cube","from":[6.539883,-1.6067834,6.3954926],"to":[9.551884,2.6052165,8.807493],"rotation":{"angle":0.0,"axis":"x","origin":[7.9236755,0.2705686,8.642445]},"faces":{"down":{"uv":[6.25,10.875,5.625,11.375],"rotation":0,"texture":"#0","tintindex":0},"east":{"uv":[1.75,9.625,2.25,10.5],"rotation":0,"texture":"#0","tintindex":0},"north":{"uv":[4.75,9.5,5.375,10.375],"rotation":0,"texture":"#0","tintindex":0},"south":{"uv":[7.5,9.5,8.125,10.375],"rotation":0,"texture":"#0","tintindex":0},"up":{"uv":[11.5,3.5,10.875,3.0],"rotation":0,"texture":"#0","tintindex":0},"west":{"uv":[9.875,5.875,10.375,6.75],"rotation":0,"texture":"#0","tintindex":0}}}],"display":{"head":{"translation":[0.0,-6.4,0.0],"rotation":[0.0,0.0,0.0],"scale":[3.8095,3.8095,3.8095]}}}