{"textures":{"0":"modelengine:entity/nocsy_skeleton_brute_skin"},"elements":[{"name":"cube","from":[6.9241757,1.1343365,7.5357785],"to":[8.669538,6.792673,8.950363],"rotation":{"angle":0.0,"axis":"x","origin":[10.697108,6.981283,8.337377]},"faces":{"down":{"uv":[13.5,1.25,13.125,1.5],"rotation":0,"texture":"#0","tintindex":0},"east":{"uv":[9.375,11.25,9.625,12.375],"rotation":0,"texture":"#0","tintindex":0},"north":{"uv":[5.375,9.5,5.75,10.625],"rotation":0,"texture":"#0","tintindex":0},"south":{"uv":[7.0,10.0,7.375,11.125],"rotation":0,"texture":"#0","tintindex":0},"up":{"uv":[13.375,10.75,13.0,10.5],"rotation":0,"texture":"#0","tintindex":0},"west":{"uv":[2.0,11.375,2.25,12.5],"rotation":0,"texture":"#0","tintindex":0}}},{"name":"cube","from":[6.9241757,5.3823357,6.827779],"to":[9.377537,8.208672,9.658363],"rotation":{"angle":-22.5,"axis":"z","origin":[8.150856,6.7955046,8.243071]},"faces":{"down":{"uv":[5.125,11.0,4.625,11.625],"rotation":0,"texture":"#0","tintindex":0},"east":{"uv":[7.375,10.375,8.0,11.0],"rotation":0,"texture":"#0","tintindex":0},"north":{"uv":[6.25,10.875,6.75,11.5],"rotation":0,"texture":"#0","tintindex":0},"south":{"uv":[10.875,8.0,11.375,8.625],"rotation":0,"texture":"#0","tintindex":0},"up":{"uv":[11.5,1.375,11.0,0.75],"rotation":0,"texture":"#0","tintindex":0},"west":{"uv":[8.0,10.375,8.625,11.0],"rotation":0,"texture":"#0","tintindex":0}}}],"display":{"head":{"translation":[0.0,-6.4,0.0],"rotation":[0.0,0.0,0.0],"scale":[3.8095,3.8095,3.8095]}}}