{"textures":{"0":"modelengine:entity/nocsy_skeleton_brute_skin"},"elements":[{"name":"cube","from":[7.5347457,6.8172026,7.619322],"to":[8.585255,8.2227955,8.5606785],"rotation":{"angle":0.0,"axis":"x","origin":[6.8599997,8.0,8.0]},"faces":{"down":{"uv":[13.625,13.5,13.375,13.75],"rotation":0,"texture":"#0","tintindex":0},"east":{"uv":[12.375,13.5,12.625,13.75],"rotation":0,"texture":"#0","tintindex":0},"north":{"uv":[11.0,13.5,11.25,13.75],"rotation":0,"texture":"#0","tintindex":0},"south":{"uv":[12.625,13.5,12.875,13.75],"rotation":0,"texture":"#0","tintindex":0},"up":{"uv":[13.375,13.75,13.125,13.5],"rotation":0,"texture":"#0","tintindex":0},"west":{"uv":[12.875,13.5,13.125,13.75],"rotation":0,"texture":"#0","tintindex":0}}},{"name":"cube","from":[7.5347457,1.5972021,7.679322],"to":[8.585255,1.9827958,8.320679],"rotation":{"angle":0.0,"axis":"x","origin":[6.8599997,8.0,8.0]},"faces":{"down":{"uv":[14.375,6.75,14.125,6.875],"rotation":0,"texture":"#0","tintindex":0},"east":{"uv":[12.875,14.25,13.0,14.375],"rotation":0,"texture":"#0","tintindex":0},"north":{"uv":[6.375,14.125,6.625,14.25],"rotation":0,"texture":"#0","tintindex":0},"south":{"uv":[14.125,6.5,14.375,6.625],"rotation":0,"texture":"#0","tintindex":0},"up":{"uv":[14.375,6.75,14.125,6.625],"rotation":0,"texture":"#0","tintindex":0},"west":{"uv":[14.25,12.875,14.375,13.0],"rotation":0,"texture":"#0","tintindex":0}}},{"name":"cube","from":[7.414746,4.237203,7.559322],"to":[8.705254,6.8427963,8.500679],"rotation":{"angle":0.0,"axis":"x","origin":[6.98,8.0,8.0]},"faces":{"down":{"uv":[1.0,13.625,0.75,13.875],"rotation":0,"texture":"#0","tintindex":0},"east":{"uv":[2.5,13.0,2.75,13.5],"rotation":0,"texture":"#0","tintindex":0},"north":{"uv":[2.0,13.0,2.25,13.5],"rotation":0,"texture":"#0","tintindex":0},"south":{"uv":[2.75,13.0,3.0,13.5],"rotation":0,"texture":"#0","tintindex":0},"up":{"uv":[0.75,13.875,0.5,13.625],"rotation":0,"texture":"#0","tintindex":0},"west":{"uv":[7.0,13.0,7.25,13.5],"rotation":0,"texture":"#0","tintindex":0}}},{"name":"cube","from":[7.2947454,1.9572023,7.619322],"to":[8.825254,4.2627964,8.440678],"rotation":{"angle":0.0,"axis":"x","origin":[7.1,8.0,8.0]},"faces":{"down":{"uv":[0.375,13.875,0.0,14.0],"rotation":0,"texture":"#0","tintindex":0},"east":{"uv":[2.25,13.625,2.375,14.125],"rotation":0,"texture":"#0","tintindex":0},"north":{"uv":[1.0,12.375,1.375,12.875],"rotation":0,"texture":"#0","tintindex":0},"south":{"uv":[1.375,12.375,1.75,12.875],"rotation":0,"texture":"#0","tintindex":0},"up":{"uv":[14.125,13.875,13.75,13.75],"rotation":0,"texture":"#0","tintindex":0},"west":{"uv":[2.375,13.625,2.5,14.125],"rotation":0,"texture":"#0","tintindex":0}}}],"display":{"head":{"translation":[0.0,-6.4,0.0],"rotation":[0.0,0.0,0.0],"scale":[3.8095,3.8095,3.8095]}}}