{"textures":{"0":"modelengine:entity/nocsy_skeleton_brute_skin"},"elements":[{"name":"cube","from":[8.14588,-0.47528863,8.667387],"to":[8.928905,8.043176,9.190491],"rotation":{"angle":0.0,"axis":"x","origin":[4.3111124,13.156065,9.168339]},"faces":{"down":{"uv":[12.625,9.25,12.5,9.375],"rotation":0,"texture":"#0","tintindex":0},"east":{"uv":[7.25,11.125,7.375,12.875],"rotation":0,"texture":"#0","tintindex":0},"north":{"uv":[0.5,11.125,0.625,12.875],"rotation":0,"texture":"#0","tintindex":0},"south":{"uv":[9.625,11.25,9.75,13.0],"rotation":0,"texture":"#0","tintindex":0},"up":{"uv":[5.5,12.25,5.375,12.125],"rotation":0,"texture":"#0","tintindex":0},"west":{"uv":[3.375,11.5,3.5,13.25],"rotation":0,"texture":"#0","tintindex":0}}},{"name":"cube","from":[8.139881,-0.4812889,7.1613865],"to":[8.934904,8.049175,8.056491],"rotation":{"angle":0.0,"axis":"x","origin":[4.3111124,13.156065,9.168339]},"faces":{"down":{"uv":[9.375,12.875,9.25,13.0],"rotation":0,"texture":"#0","tintindex":0},"east":{"uv":[11.25,11.5,11.375,13.25],"rotation":0,"texture":"#0","tintindex":0},"north":{"uv":[6.625,11.5,6.75,13.25],"rotation":0,"texture":"#0","tintindex":0},"south":{"uv":[5.0,11.625,5.125,13.375],"rotation":0,"texture":"#0","tintindex":0},"up":{"uv":[7.375,13.0,7.25,12.875],"rotation":0,"texture":"#0","tintindex":0},"west":{"uv":[9.125,11.625,9.25,13.375],"rotation":0,"texture":"#0","tintindex":0}}},{"name":"cube","from":[7.2998805,6.898711,7.101387],"to":[9.474905,8.829176,9.196491],"rotation":{"angle":0.0,"axis":"x","origin":[4.3111124,13.156065,9.168339]},"faces":{"down":{"uv":[12.625,11.625,12.125,12.0],"rotation":0,"texture":"#0","tintindex":0},"east":{"uv":[10.375,12.625,10.75,13.0],"rotation":0,"texture":"#0","tintindex":0},"north":{"uv":[12.125,10.125,12.625,10.5],"rotation":0,"texture":"#0","tintindex":0},"south":{"uv":[12.125,10.5,12.625,10.875],"rotation":0,"texture":"#0","tintindex":0},"up":{"uv":[12.625,11.625,12.125,11.25],"rotation":0,"texture":"#0","tintindex":0},"west":{"uv":[12.625,10.375,13.0,10.75],"rotation":0,"texture":"#0","tintindex":0}}}],"display":{"head":{"translation":[0.0,-6.4,0.0],"rotation":[0.0,0.0,0.0],"scale":[3.8095,3.8095,3.8095]}}}