{"textures":{"0":"modelengine:entity/nocsy_skeleton_brute_skin"},"elements":[{"name":"cube","from":[7.3304625,1.1343365,7.5357785],"to":[9.075825,6.792673,8.950363],"rotation":{"angle":0.0,"axis":"x","origin":[5.302892,6.981283,8.337377]},"faces":{"down":{"uv":[13.5,6.25,13.125,6.5],"rotation":0,"texture":"#0","tintindex":0},"east":{"uv":[2.25,11.375,2.5,12.5],"rotation":0,"texture":"#0","tintindex":0},"north":{"uv":[10.0,9.25,10.375,10.375],"rotation":0,"texture":"#0","tintindex":0},"south":{"uv":[9.375,10.125,9.75,11.25],"rotation":0,"texture":"#0","tintindex":0},"up":{"uv":[13.5,3.75,13.125,3.5],"rotation":0,"texture":"#0","tintindex":0},"west":{"uv":[5.625,11.375,5.875,12.5],"rotation":0,"texture":"#0","tintindex":0}}},{"name":"cube","from":[6.6224623,5.3823357,6.827779],"to":[9.075825,8.208672,9.658363],"rotation":{"angle":22.5,"axis":"z","origin":[7.8491435,6.7955046,8.243071]},"faces":{"down":{"uv":[11.5,9.25,11.0,9.875],"rotation":0,"texture":"#0","tintindex":0},"east":{"uv":[10.375,9.25,11.0,9.875],"rotation":0,"texture":"#0","tintindex":0},"north":{"uv":[8.25,11.0,8.75,11.625],"rotation":0,"texture":"#0","tintindex":0},"south":{"uv":[11.0,8.625,11.5,9.25],"rotation":0,"texture":"#0","tintindex":0},"up":{"uv":[9.25,11.625,8.75,11.0],"rotation":0,"texture":"#0","tintindex":0},"west":{"uv":[9.75,10.375,10.375,11.0],"rotation":0,"texture":"#0","tintindex":0}}}],"display":{"head":{"translation":[0.0,-6.4,0.0],"rotation":[0.0,0.0,0.0],"scale":[3.8095,3.8095,3.8095]}}}