{"textures":{"0":"modelengine:entity/nocsy_skeleton_brute_skin"},"elements":[{"name":"cube","from":[7.4010887,2.143621,7.1889715],"to":[8.174111,8.00943,8.6224165],"rotation":{"angle":0.0,"axis":"x","origin":[5.4537487,13.846947,8.0]},"faces":{"down":{"uv":[11.625,14.0,11.5,14.25],"rotation":0,"texture":"#0","tintindex":0},"east":{"uv":[9.75,11.0,10.0,12.25],"rotation":0,"texture":"#0","tintindex":0},"north":{"uv":[3.875,12.625,4.0,13.875],"rotation":0,"texture":"#0","tintindex":0},"south":{"uv":[4.0,12.625,4.125,13.875],"rotation":0,"texture":"#0","tintindex":0},"up":{"uv":[14.125,11.5,14.0,11.25],"rotation":0,"texture":"#0","tintindex":0},"west":{"uv":[10.0,11.0,10.25,12.25],"rotation":0,"texture":"#0","tintindex":0}}},{"name":"cube","from":[8.463089,2.143621,7.1889715],"to":[9.094512,8.00943,8.6224165],"rotation":{"angle":0.0,"axis":"x","origin":[5.4537487,13.846947,8.0]},"faces":{"down":{"uv":[11.875,14.0,11.75,14.25],"rotation":0,"texture":"#0","tintindex":0},"east":{"uv":[10.25,11.0,10.5,12.25],"rotation":0,"texture":"#0","tintindex":0},"north":{"uv":[4.125,12.625,4.25,13.875],"rotation":0,"texture":"#0","tintindex":0},"south":{"uv":[4.25,12.625,4.375,13.875],"rotation":0,"texture":"#0","tintindex":0},"up":{"uv":[14.125,11.75,14.0,11.5],"rotation":0,"texture":"#0","tintindex":0},"west":{"uv":[10.5,11.0,10.75,12.25],"rotation":0,"texture":"#0","tintindex":0}}},{"name":"cube","from":[7.1669035,6.602684,6.734502],"to":[9.402655,8.838435,8.875948],"rotation":{"angle":0.0,"axis":"x","origin":[7.811389,6.6325684,7.9056945]},"faces":{"down":{"uv":[12.125,10.0,11.625,10.5],"rotation":0,"texture":"#0","tintindex":0},"east":{"uv":[11.625,5.5,12.125,6.0],"rotation":0,"texture":"#0","tintindex":0},"north":{"uv":[4.5,11.625,5.0,12.125],"rotation":0,"texture":"#0","tintindex":0},"south":{"uv":[8.125,11.625,8.625,12.125],"rotation":0,"texture":"#0","tintindex":0},"up":{"uv":[12.125,10.0,11.625,9.5],"rotation":0,"texture":"#0","tintindex":0},"west":{"uv":[8.625,11.625,9.125,12.125],"rotation":0,"texture":"#0","tintindex":0}}},{"name":"cube","from":[7.820897,-0.31926394,6.511816],"to":[9.422432,2.3324587,9.426085],"rotation":{"angle":0.0,"axis":"x","origin":[4.4865527,18.597233,8.034588]},"faces":{"down":{"uv":[12.125,11.25,11.75,11.875],"rotation":0,"texture":"#0","tintindex":0},"east":{"uv":[11.0,9.875,11.625,10.375],"rotation":0,"texture":"#0","tintindex":0},"north":{"uv":[12.25,6.0,12.625,6.5],"rotation":0,"texture":"#0","tintindex":0},"south":{"uv":[6.25,12.25,6.625,12.75],"rotation":0,"texture":"#0","tintindex":0},"up":{"uv":[1.75,12.375,1.375,11.75],"rotation":0,"texture":"#0","tintindex":0},"west":{"uv":[10.75,11.0,11.375,11.5],"rotation":0,"texture":"#0","tintindex":0}}},{"name":"cube","from":[7.100897,2.3207355,6.871816],"to":[9.242433,3.1724584,9.186086],"rotation":{"angle":0.0,"axis":"x","origin":[4.4865527,18.597233,8.034588]},"faces":{"down":{"uv":[0.5,11.75,0.0,12.25],"rotation":0,"texture":"#0","tintindex":0},"east":{"uv":[13.5,8.5,14.0,8.625],"rotation":0,"texture":"#0","tintindex":0},"north":{"uv":[13.5,6.875,14.0,7.0],"rotation":0,"texture":"#0","tintindex":0},"south":{"uv":[13.5,8.625,14.0,8.75],"rotation":0,"texture":"#0","tintindex":0},"up":{"uv":[12.125,11.0,11.625,10.5],"rotation":0,"texture":"#0","tintindex":0},"west":{"uv":[13.5,8.75,14.0,8.875],"rotation":0,"texture":"#0","tintindex":0}}},{"name":"cube","from":[8.214717,-1.6319981,6.4461794],"to":[9.553706,0.4946313,7.194438],"rotation":{"angle":0.0,"axis":"x","origin":[4.4865527,18.597233,8.034588]},"faces":{"down":{"uv":[12.375,14.0,12.125,14.125],"rotation":0,"texture":"#0","tintindex":0},"east":{"uv":[8.25,13.5,8.375,14.0],"rotation":0,"texture":"#0","tintindex":0},"north":{"uv":[12.875,6.0,13.125,6.5],"rotation":0,"texture":"#0","tintindex":0},"south":{"uv":[6.75,12.875,7.0,13.375],"rotation":0,"texture":"#0","tintindex":0},"up":{"uv":[14.25,12.0,14.0,11.875],"rotation":0,"texture":"#0","tintindex":0},"west":{"uv":[8.375,13.5,8.5,14.0],"rotation":0,"texture":"#0","tintindex":0}}},{"name":"cube","from":[8.567392,-2.5845995,6.59058],"to":[9.6175785,-1.3467722,7.115674],"rotation":{"angle":45.0,"axis":"z","origin":[8.408789,-2.2090182,7.9580116]},"faces":{"down":{"uv":[12.5,14.0,12.375,14.125],"rotation":0,"texture":"#0","tintindex":0},"east":{"uv":[12.25,13.625,12.375,14.0],"rotation":0,"texture":"#0","tintindex":0},"north":{"uv":[5.125,13.25,5.375,13.625],"rotation":0,"texture":"#0","tintindex":0},"south":{"uv":[5.875,13.25,6.125,13.625],"rotation":0,"texture":"#0","tintindex":0},"up":{"uv":[14.25,12.375,14.0,12.25],"rotation":0,"texture":"#0","tintindex":0},"west":{"uv":[13.625,13.5,13.75,13.875],"rotation":0,"texture":"#0","tintindex":0}}},{"name":"cube","from":[7.362425,-2.4060454,6.6562166],"to":[8.761339,-1.4794903,7.0500374],"rotation":{"angle":22.5,"axis":"z","origin":[8.408789,-2.2090182,7.9580116]},"faces":{"down":{"uv":[14.25,12.5,14.0,12.625],"rotation":0,"texture":"#0","tintindex":0},"east":{"uv":[1.0,13.75,1.125,14.125],"rotation":0,"texture":"#0","tintindex":0},"north":{"uv":[6.25,13.25,6.5,13.625],"rotation":0,"texture":"#0","tintindex":0},"south":{"uv":[6.5,13.25,6.75,13.625],"rotation":0,"texture":"#0","tintindex":0},"up":{"uv":[14.25,12.5,14.0,12.375],"rotation":0,"texture":"#0","tintindex":0},"west":{"uv":[1.125,13.75,1.25,14.125],"rotation":0,"texture":"#0","tintindex":0}}},{"name":"cube","from":[8.567392,-2.5845995,8.723773],"to":[9.6175785,-1.3467722,9.347322],"rotation":{"angle":45.0,"axis":"z","origin":[8.408789,-2.2090182,7.9580116]},"faces":{"down":{"uv":[14.0,12.625,13.875,12.75],"rotation":0,"texture":"#0","tintindex":0},"east":{"uv":[1.25,13.75,1.375,14.125],"rotation":0,"texture":"#0","tintindex":0},"north":{"uv":[13.25,6.625,13.5,7.0],"rotation":0,"texture":"#0","tintindex":0},"south":{"uv":[13.25,8.5,13.5,8.875],"rotation":0,"texture":"#0","tintindex":0},"up":{"uv":[12.875,14.125,12.625,14.0],"rotation":0,"texture":"#0","tintindex":0},"west":{"uv":[1.375,13.75,1.5,14.125],"rotation":0,"texture":"#0","tintindex":0}}},{"name":"cube","from":[7.5698776,-2.3570018,7.804859],"to":[8.837519,-1.6929951,8.165861],"rotation":{"angle":22.5,"axis":"z","origin":[8.408789,-2.2090182,7.9580116]},"faces":{"down":{"uv":[13.125,14.0,12.875,14.125],"rotation":0,"texture":"#0","tintindex":0},"east":{"uv":[1.5,13.75,1.625,14.125],"rotation":0,"texture":"#0","tintindex":0},"north":{"uv":[13.25,8.875,13.5,9.25],"rotation":0,"texture":"#0","tintindex":0},"south":{"uv":[13.25,9.25,13.5,9.625],"rotation":0,"texture":"#0","tintindex":0},"up":{"uv":[14.25,12.875,14.0,12.75],"rotation":0,"texture":"#0","tintindex":0},"west":{"uv":[1.625,13.75,1.75,14.125],"rotation":0,"texture":"#0","tintindex":0}}},{"name":"cube","from":[7.5698776,-2.3570018,8.855046],"to":[8.837519,-1.6929951,9.216048],"rotation":{"angle":22.5,"axis":"z","origin":[8.408789,-2.2090182,7.9580116]},"faces":{"down":{"uv":[14.25,13.0,14.0,13.125],"rotation":0,"texture":"#0","tintindex":0},"east":{"uv":[1.75,13.75,1.875,14.125],"rotation":0,"texture":"#0","tintindex":0},"north":{"uv":[13.25,10.125,13.5,10.5],"rotation":0,"texture":"#0","tintindex":0},"south":{"uv":[1.0,13.375,1.25,13.75],"rotation":0,"texture":"#0","tintindex":0},"up":{"uv":[14.25,13.0,14.0,12.875],"rotation":0,"texture":"#0","tintindex":0},"west":{"uv":[1.875,13.75,2.0,14.125],"rotation":0,"texture":"#0","tintindex":0}}},{"name":"cube","from":[8.567392,-2.5845995,7.673586],"to":[9.6175785,-1.3467722,8.297134],"rotation":{"angle":45.0,"axis":"z","origin":[8.408789,-2.2090182,7.9580116]},"faces":{"down":{"uv":[14.125,13.125,14.0,13.25],"rotation":0,"texture":"#0","tintindex":0},"east":{"uv":[2.0,13.75,2.125,14.125],"rotation":0,"texture":"#0","tintindex":0},"north":{"uv":[1.25,13.375,1.5,13.75],"rotation":0,"texture":"#0","tintindex":0},"south":{"uv":[1.5,13.375,1.75,13.75],"rotation":0,"texture":"#0","tintindex":0},"up":{"uv":[13.375,14.125,13.125,14.0],"rotation":0,"texture":"#0","tintindex":0},"west":{"uv":[2.125,13.75,2.25,14.125],