{"textures":{"0":"modelengine:entity/nocsy_skeleton_brute_skin"},"elements":[{"name":"cube","from":[6.9710865,6.213443,6.982888],"to":[8.774111,8.371907,8.705993],"rotation":{"angle":0.0,"axis":"x","origin":[3.7963183,21.524796,8.86384]},"faces":{"down":{"uv":[0.5,12.25,0.0,12.625],"rotation":0,"texture":"#0","tintindex":0},"east":{"uv":[11.375,12.0,11.75,12.5],"rotation":0,"texture":"#0","tintindex":0},"north":{"uv":[6.5,3.75,7.0,4.25],"rotation":0,"texture":"#0","tintindex":0},"south":{"uv":[11.5,3.0,12.0,3.5],"rotation":0,"texture":"#0","tintindex":0},"up":{"uv":[12.625,12.375,12.125,12.0],"rotation":0,"texture":"#0","tintindex":0},"west":{"uv":[5.875,12.125,6.25,12.625],"rotation":0,"texture":"#0","tintindex":0}}},{"name":"cube","from":[6.8277993,6.3825207,6.722532],"to":[9.110175,7.285439,8.628693],"rotation":{"angle":-22.5,"axis":"x","origin":[8.164886,7.78358,8.081789]},"faces":{"down":{"uv":[4.5,12.25,4.0,12.625],"rotation":0,"texture":"#0","tintindex":0},"east":{"uv":[13.625,9.125,14.0,9.25],"rotation":0,"texture":"#0","tintindex":0},"north":{"uv":[5.375,4.875,5.875,5.0],"rotation":0,"texture":"#0","tintindex":0},"south":{"uv":[4.125,7.375,4.625,7.5],"rotation":0,"texture":"#0","tintindex":0},"up":{"uv":[4.0,12.625,3.5,12.25],"rotation":0,"texture":"#0","tintindex":0},"west":{"uv":[13.625,9.25,14.0,9.375],"rotation":0,"texture":"#0","tintindex":0}}},{"name":"cube","from":[6.5769887,5.768978,6.2197866],"to":[9.360986,6.6718965,9.254595],"rotation":{"angle":0.0,"axis":"x","origin":[8.164886,7.78358,8.081789]},"faces":{"down":{"uv":[11.0,5.875,10.375,6.5],"rotation":0,"texture":"#0","tintindex":0},"east":{"uv":[13.375,9.875,14.0,10.0],"rotation":0,"texture":"#0","tintindex":0},"north":{"uv":[13.375,9.75,14.0,9.875],"rotation":0,"texture":"#0","tintindex":0},"south":{"uv":[10.0,13.375,10.625,13.5],"rotation":0,"texture":"#0","tintindex":0},"up":{"uv":[5.375,11.0,4.75,10.375],"rotation":0,"texture":"#0","tintindex":0},"west":{"uv":[13.375,10.0,14.0,10.125],"rotation":0,"texture":"#0","tintindex":0}}},{"name":"cube","from":[7.075612,5.5951276,5.1823335],"to":[8.229341,6.498046,7.088494],"rotation":{"angle":22.5,"axis":"y","origin":[8.164886,7.78358,8.081789]},"faces":{"down":{"uv":[13.25,10.125,13.0,10.5],"rotation":0,"texture":"#0","tintindex":0},"east":{"uv":[13.625,9.375,14.0,9.5],"rotation":0,"texture":"#0","tintindex":0},"north":{"uv":[8.125,10.25,8.375,10.375],"rotation":0,"texture":"#0","tintindex":0},"south":{"uv":[11.0,6.375,11.25,6.5],"rotation":0,"texture":"#0","tintindex":0},"up":{"uv":[10.25,13.375,10.0,13.0],"rotation":0,"texture":"#0","tintindex":0},"west":{"uv":[13.625,9.5,14.0,9.625],"rotation":0,"texture":"#0","tintindex":0}}},{"name":"cube","from":[6.7149343,5.405303,6.7339487],"to":[9.223041,6.157735,9.116649],"rotation":{"angle":0.0,"axis":"x","origin":[8.164886,7.78358,8.081789]},"faces":{"down":{"uv":[12.0,7.125,11.5,7.625],"rotation":0,"texture":"#0","tintindex":0},"east":{"uv":[12.0,7.875,12.5,8.0],"rotation":0,"texture":"#0","tintindex":0},"north":{"uv":[5.75,8.75,6.25,8.875],"rotation":0,"texture":"#0","tintindex":0},"south":{"uv":[13.5,2.25,14.0,2.375],"rotation":0,"texture":"#0","tintindex":0},"up":{"uv":[12.0,4.375,11.5,3.875],"rotation":0,"texture":"#0","tintindex":0},"west":{"uv":[13.5,2.375,14.0,2.5],"rotation":0,"texture":"#0","tintindex":0}}},{"name":"cube","from":[7.075612,5.4697223,4.0536857],"to":[8.229341,6.2472353,4.7057934],"rotation":{"angle":22.5,"axis":"y","origin":[8.164886,7.78358,8.081789]},"faces":{"down":{"uv":[5.625,14.0,5.375,14.125],"rotation":0,"texture":"#0","tintindex":0},"east":{"uv":[13.25,2.625,13.375,2.75],"rotation":0,"texture":"#0","tintindex":0},"north":{"uv":[1.0,11.625,1.25,11.75],"rotation":0,"texture":"#0","tintindex":0},"south":{"uv":[3.5,12.125,3.75,12.25],"rotation":0,"texture":"#0","tintindex":0},"up":{"uv":[5.125,14.125,4.875,14.0],"rotation":0,"texture":"#0","tintindex":0},"west":{"uv":[13.25,3.75,13.375,3.875],"rotation":0,"texture":"#0","tintindex":0}}},{"name":"cube","from":[7.4153438,5.5951276,5.178176],"to":[8.569073,6.498046,7.0843363],"rotation":{"angle":0.0,"axis":"x","origin":[8.164886,7.78358,8.081789]},"faces":{"down":{"uv":[10.75,13.0,10.5,13.375],"rotation":0,"texture":"#0","tintindex":0},"east":{"uv":[10.0,13.625,10.375,13.75],"rotation":0,"texture":"#0","tintindex":0},"north":{"uv":[14.0,7.75,14.25,7.875],"rotation":0,"texture":"#0","tintindex":0},"south":{"uv":[14.0,7.875,14.25,8.0],"rotation":0,"texture":"#0","tintindex":0},"up":{"uv":[10.5,13.375,10.25,13.0],"rotation":0,"texture":"#0","tintindex":0},"west":{"uv":[10.375,13.625,10.75,13.75],"rotation":0,"texture":"#0","tintindex":0}}},{"name":"cube","from":[7.3264227,5.5951276,3.5520647],"to":[7.9785304,6.12183,5.9598465],"rotation":{"angle":22.5,"axis":"y","origin":[8.164886,7.78358,8.081789]},"faces":{"down":{"uv":[7.0,13.375,6.875,13.875],"rotation":0,"texture":"#0","tintindex":0},"east":{"uv":[2.5,13.5,3.0,13.625],"rotation":0,"texture":"#0","tintindex":0},"north":{"uv":[13.25,7.0,13.375,7.125],"rotation":0,"texture":"#0","tintindex":0},"south":{"uv":[7.375,14.25,7.5,14.375],"rotation":0,"texture":"#0","tintindex":0},"up":{"uv":[6.625,13.25,6.5,12.75],"rotation":0,"texture":"#0","tintindex":0},"west":{"uv":[13.5,2.5,14.0,2.625],"rotation":0,"texture":"#0","tintindex":0}}},{"name":"cube","from":[7.4153438,5.4697223,4.0495286],"to":[8.569073,6.2472353,4.7016363],"rotation":{"angle":0.0,"axis":"x","origin":[8.164886,7.78358,8.081789]},"faces":{"down":{"uv":[14.25,8.375,14.0,8.5],"rotation":0,"texture":"#0","tintindex":0},"east":{"uv":[14.25,8.125,14.375,8.25],"rotation":0,"texture":"#0","tintindex":0},"north":{"uv":[14.0,8.0,14.25,8.125],"rotation":0,"texture":"#0","tintindex":0},"south":{"uv":[14.0,8.125,14.25,8.25],"rotation":0,"texture":"#0","tintindex":0},"up":{"uv":[8.5,14.125,8.25,14.0],"rotation":0,"texture":"#0","tintindex":0},"west":{"uv":[14.25,8.25,14.375,8.375],"rotation":0,"texture":"#0","tintindex":0}}},{"name":"cube","from":[7.666154,5.5951276,3.5479074],"to":[8.318262,6.12183,5.955689],"rotation":{"angle":0.0,"axis":"x","origin":[8.164886,7.78358,8.081789]},"faces":{"down":{"uv":[4.75,13.5,4.625,14.0],"rotation":0,"texture":"#0","tintindex":0},"east":{"uv":[13.5,3.5,14.0,3.625],"rotation":0,"texture":"#0","tintindex":0},"north":{"uv":[8.375,14.25,8.5,14.375],"rotation":0,"texture":"#0","tintindex":0},"south":{"uv":[14.25,8.375,14.375,8.5],"rotation":0,"texture":"#0","tintindex":0},"up":{"uv":[4.625,14.0,4.5,13.5],"rotation":0,"texture":"#0","tintindex":0},"west":{"uv":[13.5,3.625,14.0,3.75],"rotation":0,"texture":"#0","tintindex":0}}},{"name":"cube","from":[8.884909,5.5951276,5.188297],"to":[10.038638,6.498046,7.0944576],"rotation":{"angle":-22.5,"axis":"y","origin":[8.0,6.92,5.18]},"faces":{"down":{"uv":[11.25,13.0,11.0,13.375],"rotation":0,"texture":"#0","tintindex":0},"east":{"uv":[13.625,11.125,14.0,11.25],"rotation":0,"texture":"#0","tintindex":0},"north":{"uv":[8.5,14.0,8.75,14.125],"rotation":0,"texture":"#0","tintindex":0},"south":{"uv":[14.0,8.5,14.25,8.625],"rotation":0,"texture":"#0","tintindex":0},"up":{"uv":[11.0,13.375,10.75,13.0],"rotation":0,"texture":"#0","tintindex":0},"west":{"uv":[11.375,13.625,11.75,13.75],"rotation":0,"texture":"#0","tintindex":0}}},{"name":"cube","from":[8.884909,5.4697223,4.0596495],"to":[10.038638,6.2472353,4.711757],"rotation":{"angle":-22.5,"axis":"y","origin":[8.0,6.92,5.18]},"faces":{"down":{"uv":[9.25,14.0,9.0,14.125],"rotation":0,"texture":"#0","tintindex":0},"east":{"uv":[8.5,14.25,8.625,14.375],"rotation":0,"texture":"#0","tintindex":0},"north":{"uv":[14.0,8.625,14.25,8.75],"rotation":0,"texture":"#0","tintindex":0},"south":{"uv":[8.75,14.0,9.0,14.125],"rotation":0,"texture":"#0","tintindex":0},"up":{"uv":[14.25,8.875,14.0,8.75],"rotation":0,"texture":"#0","tintindex":0},"west":{"uv":[14.25,8.5,14.375,8.625],"rotation":0,"texture":"#0","tintindex":0}}},{"name":"cube","from":[9.135719,5.5951276,3.5580282],"to":[9.7878275,6.12183,5.96581],