{"textures":{"0":"modelengine:entity/nocsy_skeleton_brute2_skin","1":"modelengine:entity/nocsy_skeleton_brute_jaw"},"elements":[{"name":"cube","from":[6.5382633,6.0165634,8.1998005],"to":[9.461737,8.845732,9.142857],"rotation":{"angle":0.0,"axis":"x","origin":[5.2179847,15.069901,6.313688]},"faces":{"down":{"uv":[7.5625,4.8125,7.25,4.9375],"rotation":0,"texture":"#0","tintindex":0},"east":{"uv":[5.6875,4.0,5.8125,4.3125],"rotation":0,"texture":"#0","tintindex":0},"north":{"uv":[6.0,6.0,6.3125,6.3125],"rotation":0,"texture":"#0","tintindex":0},"south":{"uv":[6.0625,0.3125,6.375,0.625],"rotation":0,"texture":"#0","tintindex":0},"up":{"uv":[7.5625,4.5625,7.25,4.4375],"rotation":0,"texture":"#0","tintindex":0},"west":{"uv":[4.5625,7.125,4.6875,7.4375],"rotation":0,"texture":"#0","tintindex":0}}},{"name":"cube","from":[6.5382633,0.61656356,9.202856],"to":[9.461737,8.845732,9.202856],"rotation":{"angle":0.0,"axis":"x","origin":[5.2179847,15.069901,6.313688]},"faces":{"down":{"uv":[0.3125,0.0,0.0,0.0],"rotation":0,"texture":"#0","tintindex":0},"east":{"uv":[0.0,0.0,0.0,0.875],"rotation":0,"texture":"#0","tintindex":0},"north":{"uv":[0.3125,4.8125,0.0,5.6875],"rotation":0,"texture":"#0","tintindex":0},"south":{"uv":[0.0,4.8125,0.3125,5.6875],"rotation":0,"texture":"#0","tintindex":0},"up":{"uv":[0.3125,0.0,0.0,0.0],"rotation":0,"texture":"#0","tintindex":0},"west":{"uv":[0.0,0.0,0.0,0.875],"rotation":0,"texture":"#0","tintindex":0}}},{"name":"cube","from":[4.64272,6.0071325,8.567592],"to":[7.019222,8.855162,9.623816],"rotation":{"angle":-22.5,"axis":"y","origin":[8.0,8.374204,8.1998005]},"faces":{"down":{"uv":[7.6875,6.5625,7.4375,6.6875],"rotation":0,"texture":"#0","tintindex":0},"east":{"uv":[3.375,7.1875,3.5,7.5],"rotation":0,"texture":"#0","tintindex":0},"north":{"uv":[6.4375,2.25,6.6875,2.5625],"rotation":0,"texture":"#0","tintindex":0},"south":{"uv":[6.4375,2.5625,6.6875,2.875],"rotation":0,"texture":"#0","tintindex":0},"up":{"uv":[7.6875,6.5625,7.4375,6.4375],"rotation":0,"texture":"#0","tintindex":0},"west":{"uv":[4.9375,7.1875,5.0625,7.5],"rotation":0,"texture":"#0","tintindex":0}}},{"name":"cube","from":[4.64272,2.4071326,9.671815],"to":[7.019222,8.855162,9.683815],"rotation":{"angle":-22.5,"axis":"y","origin":[8.0,8.374204,8.1998005]},"faces":{"down":{"uv":[0.25,0.0,0.0,0.0],"rotation":0,"texture":"#0","tintindex":0},"east":{"uv":[0.0,0.0,0.0,0.6875],"rotation":0,"texture":"#0","tintindex":0},"north":{"uv":[5.625,4.8125,5.375,5.5],"rotation":0,"texture":"#0","tintindex":0},"south":{"uv":[5.375,4.8125,5.625,5.5],"rotation":0,"texture":"#0","tintindex":0},"up":{"uv":[0.25,0.0,0.0,0.0],"rotation":0,"texture":"#0","tintindex":0},"west":{"uv":[0.0,0.0,0.0,0.6875],"rotation":0,"texture":"#0","tintindex":0}}},{"name":"cube","from":[4.661582,6.0259933,6.7003407],"to":[5.6800823,8.836301,9.510648],"rotation":{"angle":-22.5,"axis":"y","origin":[8.0,8.374204,8.1998005]},"faces":{"down":{"uv":[7.125,7.25,7.0,7.5625],"rotation":0,"texture":"#0","tintindex":0},"east":{"uv":[6.0625,3.375,6.375,3.6875],"rotation":0,"texture":"#0","tintindex":0},"north":{"uv":[7.25,5.3125,7.375,5.625],"rotation":0,"texture":"#0","tintindex":0},"south":{"uv":[7.25,5.625,7.375,5.9375],"rotation":0,"texture":"#0","tintindex":0},"up":{"uv":[7.375,6.25,7.25,5.9375],"rotation":0,"texture":"#0","tintindex":0},"west":{"uv":[6.0625,3.6875,6.375,4.0],"rotation":0,"texture":"#0","tintindex":0}}},{"name":"cube","from":[8.980778,6.0071325,8.567592],"to":[11.35728,8.855162,9.623816],"rotation":{"angle":22.5,"axis":"y","origin":[8.0,8.374204,8.1998005]},"faces":{"down":{"uv":[7.6875,6.8125,7.4375,6.9375],"rotation":0,"texture":"#0","tintindex":0},"east":{"uv":[7.125,7.25,7.25,7.5625],"rotation":0,"texture":"#0","tintindex":0},"north":{"uv":[6.5,2.875,6.75,3.1875],"rotation":0,"texture":"#0","tintindex":0},"south":{"uv":[6.5,4.5625,6.75,4.875],"rotation":0,"texture":"#0","tintindex":0},"up":{"uv":[7.6875,6.8125,7.4375,6.6875],"rotation":0,"texture":"#0","tintindex":0},"west":{"uv":[7.25,7.25,7.375,7.5625],"rotation":0,"texture":"#0","tintindex":0}}},{"name":"cube","from":[8.980778,3.6071324,9.671815],"to":[11.35728,8.855162,9.683815],"rotation":{"angle":22.5,"axis":"y","origin":[8.0,8.374204,8.1998005]},"faces":{"down":{"uv":[0.25,0.0,0.0,0.0],"rotation":0,"texture":"#0","tintindex":0},"east":{"uv":[0.0,0.0,0.0,0.5625],"rotation":0,"texture":"#0","tintindex":0},"north":{"uv":[6.0625,3.875,5.8125,4.4375],"rotation":0,"texture":"#0","tintindex":0},"south":{"uv":[5.8125,3.875,6.0625,4.4375],"rotation":0,"texture":"#0","tintindex":0},"up":{"uv":[0.25,0.0,0.0,0.0],"rotation":0,"texture":"#0","tintindex":0},"west":{"uv":[0.0,0.0,0.0,0.5625],"rotation":0,"texture":"#0","tintindex":0}}},{"name":"cube","from":[10.319918,6.0259933,6.7003407],"to":[11.338418,8.836301,9.510648],"rotation":{"angle":22.5,"axis":"y","origin":[8.0,8.374204,8.1998005]},"faces":{"down":{"uv":[5.4375,7.3125,5.3125,7.625],"rotation":0,"texture":"#0","tintindex":0},"east":{"uv":[6.0625,4.0,6.375,4.3125],"rotation":0,"texture":"#0","tintindex":0},"north":{"uv":[7.3125,0.5,7.4375,0.8125],"rotation":0,"texture":"#0","tintindex":0},"south":{"uv":[0.875,7.3125,1.0,7.625],"rotation":0,"texture":"#0","tintindex":0},"up":{"uv":[1.125,7.625,1.0,7.3125],"rotation":0,"texture":"#0","tintindex":0},"west":{"uv":[6.125,1.5,6.4375,1.8125],"rotation":0,"texture":"#0","tintindex":0}}},{"name":"cube","from":[9.1507015,6.7804384,4.8354363],"to":[10.169201,8.270468,6.8912983],"rotation":{"angle":45.0,"axis":"y","origin":[9.47134,7.0539246,5.3446865]},"faces":{"down":{"uv":[7.75,0.0,7.625,0.1875],"rotation":0,"texture":"#0","tintindex":0},"east":{"uv":[4.3125,7.375,4.5,7.5625],"rotation":0,"texture":"#0","tintindex":0},"north":{"uv":[7.125,7.5625,7.25,7.75],"rotation":0,"texture":"#0","tintindex":0},"south":{"uv":[7.5625,7.125,7.6875,7.3125],"rotation":0,"texture":"#0","tintindex":0},"up":{"uv":[7.375,7.75,7.25,7.5625],"rotation":0,"texture":"#0","tintindex":0},"west":{"uv":[7.375,5.9375,7.5625,6.125],"rotation":0,"texture":"#0","tintindex":0}}},{"name":"cube","from":[9.527924,6.4032164,4.363909],"to":[10.169201,7.1387997,6.1368537],"rotation":{"angle":22.5,"axis":"y","origin":[9.47134,7.0539246,5.3446865]},"faces":{"down":{"uv":[6.125,2.25,6.0625,2.4375],"rotation":0,"texture":"#0","tintindex":0},"east":{"uv":[2.0,7.875,2.1875,7.9375],"rotation":0,"texture":"#0","tintindex":0},"north":{"uv":[4.875,8.125,4.9375,8.1875],"rotation":0,"texture":"#0","tintindex":0},"south":{"uv":[5.5625,8.125,5.625,8.1875],"rotation":0,"texture":"#0","tintindex":0},"up":{"uv":[1.4375,6.125,1.375,5.9375],"rotation":0,"texture":"#0","tintindex":0},"west":{"uv":[2.375,7.875,2.5625,7.9375],"rotation":0,"texture":"#0","tintindex":0}}},{"name":"cube","from":[5.830798,6.7804384,4.8354363],"to":[6.8492985,8.270468,6.8912983],"rotation":{"angle":-45.0,"axis":"y","origin":[6.52866,7.0539246,5.3446865]},"faces":{"down":{"uv":[1.125,7.625,1.0,7.8125],"rotation":0,"texture":"#0","tintindex":0},"east":{"uv":[7.375,7.25,7.5625,7.4375],"rotation":0,"texture":"#0","tintindex":0},"north":{"uv":[7.625,0.4375,7.75,0.625],"rotation":0,"texture":"#0","tintindex":0},"south":{"uv":[7.625,0.625,7.75,0.8125],"rotation":0,"texture":"#0","tintindex":0},"up":{"uv":[1.0,7.8125,0.875,7.625],"rotation":0,"texture":"#0","tintindex":0},"west":{"uv":[7.4375,0.0,7.625,0.1875],"rotation":0,"texture":"#0","tintindex":0}}},{"name":"cube","from":[5.830798,6.4032164,4.363909],"to":[6.4720764,7.1387997,6.1368537],"rotation":{"angle":-22.5,"axis":"y","origin":[6.52866,7.0539246,5.3446865]},"faces":{"down":{"uv":[0.1875,6.4375,0.125,6.625],"rotation":0,"texture":"#0","tintindex":0},"east":{"uv":[2.5625,7.875,2.75,7.9375],"rotation":0,"texture":"#0","tintindex":0},"north":{"uv":[0.875,8.1875,0.9375,8.25],"rotation":0,"texture":"#0","tintindex":0},"south":{"uv":[8.1875,0.875,8.25,0.9375],"rotation":0,"texture":"#0","tintindex":0},"up":{"uv":[2.9375,6.5625,2.875,6.375],"rotation":0,"texture":"#0","tintindex":0},