{"textures":{"0":"modelengine:entity/nocsy_skeleton_brute2_skin","1":"modelengine:entity/nocsy_skeleton_brute_jaw"},"elements":[{"name":"cube","from":[6.3186893,5.713936,3.1903815],"to":[9.681311,6.7560763,8.353003],"rotation":{"angle":0.0,"axis":"x","origin":[10.124874,2.350878,4.691692]},"faces":{"down":{"uv":[0.0,9.0,5.0,10.0],"rotation":0,"texture":"#1","tintindex":0},"east":{"uv":[0.0,9.0,4.0,11.0],"rotation":0,"texture":"#1","tintindex":0},"north":{"uv":[0.0,3.0,7.0,5.0],"rotation":0,"texture":"#1","tintindex":0},"south":{"uv":[7.0625,2.25,7.4375,2.375],"rotation":0,"texture":"#1","tintindex":0},"up":{"uv":[9.0,3.0,8.0,2.0],"rotation":0,"texture":"#1","tintindex":0},"west":{"uv":[4.0,9.0,0.0,11.0],"rotation":0,"texture":"#1","tintindex":0}}},{"name":"cube","from":[6.5,5.2879353,3.7843814],"to":[9.5,5.8879356,7.9843817],"rotation":{"angle":0.0,"axis":"x","origin":[9.712184,2.350878,4.691692]},"faces":{"down":{"uv":[2.9375,5.9375,2.625,6.375],"rotation":0,"texture":"#0","tintindex":0},"east":{"uv":[4.3125,1.75,4.75,1.8125],"rotation":0,"texture":"#0","tintindex":0},"north":{"uv":[7.75,2.0,8.0625,2.0625],"rotation":0,"texture":"#0","tintindex":0},"south":{"uv":[7.75,2.0625,8.0625,2.125],"rotation":0,"texture":"#0","tintindex":0},"up":{"uv":[6.125,2.875,5.8125,2.4375],"rotation":0,"texture":"#0","tintindex":0},"west":{"uv":[4.625,4.3125,5.0625,4.375],"rotation":0,"texture":"#0","tintindex":0}}},{"name":"cube","from":[6.0246897,5.719936,3.4963815],"to":[8.17531,6.7500763,8.647003],"rotation":{"angle":45.0,"axis":"y","origin":[8.0,6.5350075,5.771692]},"faces":{"down":{"uv":[1.875,5.75,1.625,6.3125],"rotation":0,"texture":"#0","tintindex":0},"east":{"uv":[6.6875,4.4375,7.25,4.5625],"rotation":0,"texture":"#0","tintindex":0},"north":{"uv":[7.4375,5.0,7.6875,5.125],"rotation":0,"texture":"#0","tintindex":0},"south":{"uv":[5.5625,7.4375,5.8125,7.5625],"rotation":0,"texture":"#0","tintindex":0},"up":{"uv":[5.8125,0.875,5.5625,0.3125],"rotation":0,"texture":"#0","tintindex":0},"west":{"uv":[6.6875,5.5,7.25,5.625],"rotation":0,"texture":"#0","tintindex":0}}},{"name":"cube","from":[7.82469,5.719936,3.4963815],"to":[9.97531,6.7500763,8.647003],"rotation":{"angle":-45.0,"axis":"y","origin":[8.0,6.5350075,5.771692]},"faces":{"down":{"uv":[4.5625,5.75,4.3125,6.3125],"rotation":0,"texture":"#0","tintindex":0},"east":{"uv":[6.6875,5.625,7.25,5.75],"rotation":0,"texture":"#0","tintindex":0},"north":{"uv":[5.8125,7.4375,6.0625,7.5625],"rotation":0,"texture":"#0","tintindex":0},"south":{"uv":[6.1875,7.4375,6.4375,7.5625],"rotation":0,"texture":"#0","tintindex":0},"up":{"uv":[4.3125,6.3125,4.0625,5.75],"rotation":0,"texture":"#0","tintindex":0},"west":{"uv":[6.6875,5.75,7.25,5.875],"rotation":0,"texture":"#0","tintindex":0}}},{"name":"cube","from":[6.018689,6.313936,3.4903817],"to":[9.38131,7.3560762,4.453002],"rotation":{"angle":45.0,"axis":"y","origin":[8.0,7.1350074,5.771692]},"faces":{"down":{"uv":[3.5,7.0625,3.125,7.1875],"rotation":0,"texture":"#0","tintindex":0},"east":{"uv":[5.3125,6.75,5.4375,6.875],"rotation":0,"texture":"#0","tintindex":0},"north":{"uv":[7.0625,2.375,7.4375,2.5],"rotation":0,"texture":"#0","tintindex":0},"south":{"uv":[7.0625,2.5,7.4375,2.625],"rotation":0,"texture":"#0","tintindex":0},"up":{"uv":[3.125,7.1875,2.75,7.0625],"rotation":0,"texture":"#0","tintindex":0},"west":{"uv":[7.4375,7.125,7.5625,7.25],"rotation":0,"texture":"#0","tintindex":0}}},{"name":"cube","from":[6.3126893,6.3079357,3.1843815],"to":[9.687311,7.3620768,4.1590023],"rotation":{"angle":0.0,"axis":"x","origin":[10.124874,2.950878,4.691692]},"faces":{"down":{"uv":[6.5625,7.0625,6.1875,7.1875],"rotation":0,"texture":"#1","tintindex":0},"east":{"uv":[1.0,6.0,3.0,8.0],"rotation":0,"texture":"#1","tintindex":0},"north":{"uv":[0.0,0.0,7.0,2.0],"rotation":0,"texture":"#1","tintindex":0},"south":{"uv":[7.0625,4.0625,7.4375,4.1875],"rotation":0,"texture":"#1","tintindex":0},"up":{"uv":[8.0,14.0,1.0,12.0],"rotation":0,"texture":"#1","tintindex":0},"west":{"uv":[3.0,6.0,1.0,8.0],"rotation":0,"texture":"#1","tintindex":0}}},{"name":"cube","from":[6.6186895,6.313936,3.4903817],"to":[9.98131,7.3560762,4.453002],"rotation":{"angle":-45.0,"axis":"y","origin":[8.0,7.1350074,5.771692]},"faces":{"down":{"uv":[7.4375,6.8125,7.0625,6.9375],"rotation":0,"texture":"#0","tintindex":0},"east":{"uv":[1.5,7.8125,1.625,7.9375],"rotation":0,"texture":"#0","tintindex":0},"north":{"uv":[7.0625,6.4375,7.4375,6.5625],"rotation":0,"texture":"#0","tintindex":0},"south":{"uv":[7.0625,6.5625,7.4375,6.6875],"rotation":0,"texture":"#0","tintindex":0},"up":{"uv":[7.4375,6.8125,7.0625,6.6875],"rotation":0,"texture":"#0","tintindex":0},"west":{"uv":[1.625,7.8125,1.75,7.9375],"rotation":0,"texture":"#0","tintindex":0}}}],"display":{"head":{"translation":[0.0,-6.4,0.0],"rotation":[0.0,0.0,0.0],"scale":[3.8095,3.8095,3.8095]}}}