{"textures":{"0":"modelengine:entity/nocsy_skeleton_brute2_skin","1":"modelengine:entity/nocsy_skeleton_brute_jaw"},"elements":[{"name":"cube","from":[6.9241757,1.1343365,7.5357785],"to":[8.669538,6.792673,8.950363],"rotation":{"angle":0.0,"axis":"x","origin":[10.697108,6.981283,8.337377]},"faces":{"down":{"uv":[7.8125,2.625,7.625,2.75],"rotation":0,"texture":"#0","tintindex":0},"east":{"uv":[4.3125,6.625,4.4375,7.1875],"rotation":0,"texture":"#0","tintindex":0},"north":{"uv":[5.125,5.875,5.3125,6.4375],"rotation":0,"texture":"#0","tintindex":0},"south":{"uv":[1.1875,5.9375,1.375,6.5],"rotation":0,"texture":"#0","tintindex":0},"up":{"uv":[7.8125,1.75,7.625,1.625],"rotation":0,"texture":"#0","tintindex":0},"west":{"uv":[4.4375,6.625,4.5625,7.1875],"rotation":0,"texture":"#0","tintindex":0}}},{"name":"cube","from":[6.9241757,5.3823357,6.827779],"to":[9.377537,8.208672,9.658363],"rotation":{"angle":-22.5,"axis":"z","origin":[8.150856,6.7955046,8.243071]},"faces":{"down":{"uv":[6.1875,6.5625,5.9375,6.875],"rotation":0,"texture":"#0","tintindex":0},"east":{"uv":[6.1875,4.875,6.5,5.1875],"rotation":0,"texture":"#0","tintindex":0},"north":{"uv":[3.75,6.5625,4.0,6.875],"rotation":0,"texture":"#0","tintindex":0},"south":{"uv":[5.4375,6.5625,5.6875,6.875],"rotation":0,"texture":"#0","tintindex":0},"up":{"uv":[5.9375,6.875,5.6875,6.5625],"rotation":0,"texture":"#0","tintindex":0},"west":{"uv":[6.25,0.0,6.5625,0.3125],"rotation":0,"texture":"#0","tintindex":0}}}],"display":{"head":{"translation":[0.0,-6.4,0.0],"rotation":[0.0,0.0,0.0],"scale":[3.8095,3.8095,3.8095]}}}