{"textures":{"0":"modelengine:entity/nocsy_skeleton_brute2_skin","1":"modelengine:entity/nocsy_skeleton_brute_jaw"},"elements":[{"name":"cube","from":[6.898688,-0.5564325,8.098448],"to":[7.6817117,7.962032,8.6215515],"rotation":{"angle":0.0,"axis":"x","origin":[11.51648,13.074921,8.5994]},"faces":{"down":{"uv":[8.25,1.0625,8.1875,1.125],"rotation":0,"texture":"#0","tintindex":0},"east":{"uv":[1.75,6.9375,1.8125,7.8125],"rotation":0,"texture":"#0","tintindex":0},"north":{"uv":[1.6875,6.9375,1.75,7.8125],"rotation":0,"texture":"#0","tintindex":0},"south":{"uv":[0.625,7.0,0.6875,7.875],"rotation":0,"texture":"#0","tintindex":0},"up":{"uv":[1.125,8.25,1.0625,8.1875],"rotation":0,"texture":"#0","tintindex":0},"west":{"uv":[0.6875,7.0,0.75,7.875],"rotation":0,"texture":"#0","tintindex":0}}},{"name":"cube","from":[6.892688,-0.5624325,6.592448],"to":[7.6877117,7.968032,7.4875517],"rotation":{"angle":0.0,"axis":"x","origin":[11.51648,13.074921,8.5994]},"faces":{"down":{"uv":[1.25,8.1875,1.1875,8.25],"rotation":0,"texture":"#0","tintindex":0},"east":{"uv":[0.8125,7.0,0.875,7.875],"rotation":0,"texture":"#0","tintindex":0},"north":{"uv":[0.75,7.0,0.8125,7.875],"rotation":0,"texture":"#0","tintindex":0},"south":{"uv":[3.5625,7.0,3.625,7.875],"rotation":0,"texture":"#0","tintindex":0},"up":{"uv":[1.1875,8.25,1.125,8.1875],"rotation":0,"texture":"#0","tintindex":0},"west":{"uv":[3.625,7.0,3.6875,7.875],"rotation":0,"texture":"#0","tintindex":0}}},{"name":"cube","from":[5.878688,0.04356742,6.358448],"to":[8.878688,3.0435677,8.758448],"rotation":{"angle":0.0,"axis":"x","origin":[11.51648,13.074921,8.5994]},"faces":{"down":{"uv":[3.5,6.5625,3.1875,6.8125],"rotation":0,"texture":"#0","tintindex":0},"east":{"uv":[6.5,4.875,6.75,5.1875],"rotation":0,"texture":"#0","tintindex":0},"north":{"uv":[6.125,1.8125,6.4375,2.125],"rotation":0,"texture":"#0","tintindex":0},"south":{"uv":[6.125,2.25,6.4375,2.5625],"rotation":0,"texture":"#0","tintindex":0},"up":{"uv":[3.1875,6.8125,2.875,6.5625],"rotation":0,"texture":"#0","tintindex":0},"west":{"uv":[6.5625,0.0,6.8125,0.3125],"rotation":0,"texture":"#0","tintindex":0}}},{"name":"cube","from":[6.838688,-2.8964329,7.6784477],"to":[6.838688,1.9035673,14.8784485],"rotation":{"angle":45.0,"axis":"x","origin":[5.458688,0.64356756,9.958448]},"faces":{"down":{"uv":[0.0,0.0,0.0,0.75],"rotation":0,"texture":"#0","tintindex":0},"east":{"uv":[2.375,3.75,3.125,4.25],"rotation":0,"texture":"#0","tintindex":0},"north":{"uv":[0.0,0.0,0.0,0.5],"rotation":0,"texture":"#0","tintindex":0},"south":{"uv":[0.0,0.0,0.0,0.5],"rotation":0,"texture":"#0","tintindex":0},"up":{"uv":[0.0,0.75,0.0,0.0],"rotation":0,"texture":"#0","tintindex":0},"west":{"uv":[1.25,3.875,2.0,4.375],"rotation":0,"texture":"#0","tintindex":0}}},{"name":"cube","from":[7.858688,-2.1164322,5.398448],"to":[7.858688,2.683568,12.598449],"rotation":{"angle":22.5,"axis":"x","origin":[5.458688,0.64356756,9.958448]},"faces":{"down":{"uv":[0.0,0.0,0.0,0.75],"rotation":0,"texture":"#0","tintindex":0},"east":{"uv":[3.125,3.875,3.875,4.375],"rotation":0,"texture":"#0","tintindex":0},"north":{"uv":[0.0,0.0,0.0,0.5],"rotation":0,"texture":"#0","tintindex":0},"south":{"uv":[0.0,0.0,0.0,0.5],"rotation":0,"texture":"#0","tintindex":0},"up":{"uv":[0.0,0.75,0.0,0.0],"rotation":0,"texture":"#0","tintindex":0},"west":{"uv":[3.875,3.875,4.625,4.375],"rotation":0,"texture":"#0","tintindex":0}}},{"name":"cube","from":[5.5786877,-0.85643244,6.058448],"to":[9.178688,0.3435676,9.058448],"rotation":{"angle":0.0,"axis":"x","origin":[11.51648,13.074921,8.5994]},"faces":{"down":{"uv":[6.375,1.1875,6.0,1.5],"rotation":0,"texture":"#0","tintindex":0},"east":{"uv":[7.3125,1.0625,7.625,1.1875],"rotation":0,"texture":"#0","tintindex":0},"north":{"uv":[1.125,7.125,1.5,7.25],"rotation":0,"texture":"#0","tintindex":0},"south":{"uv":[2.0625,7.125,2.4375,7.25],"rotation":0,"texture":"#0","tintindex":0},"up":{"uv":[6.375,1.1875,6.0,0.875],"rotation":0,"texture":"#0","tintindex":0},"west":{"uv":[7.3125,1.1875,7.625,1.3125],"rotation":0,"texture":"#0","tintindex":0}}},{"name":"cube","from":[5.5786877,2.1435676,6.058448],"to":[9.178688,3.3435676,9.058448],"rotation":{"angle":0.0,"axis":"x","origin":[11.51648,13.074921,8.5994]},"faces":{"down":{"uv":[2.625,6.0,2.25,6.3125],"rotation":0,"texture":"#0","tintindex":0},"east":{"uv":[7.3125,1.375,7.625,1.5],"rotation":0,"texture":"#0","tintindex":0},"north":{"uv":[3.75,7.125,4.125,7.25],"rotation":0,"texture":"#0","tintindex":0},"south":{"uv":[7.0625,7.125,7.4375,7.25],"rotation":0,"texture":"#0","tintindex":0},"up":{"uv":[2.25,6.3125,1.875,6.0],"rotation":0,"texture":"#0","tintindex":0},"west":{"uv":[7.3125,1.625,7.625,1.75],"rotation":0,"texture":"#0","tintindex":0}}},{"name":"cube","from":[6.352688,6.817568,6.532448],"to":[8.527712,8.748032,8.627552],"rotation":{"angle":0.0,"axis":"x","origin":[11.51648,13.074921,8.5994]},"faces":{"down":{"uv":[3.1875,7.1875,2.9375,7.375],"rotation":0,"texture":"#0","tintindex":0},"east":{"uv":[7.4375,1.875,7.625,2.0625],"rotation":0,"texture":"#0","tintindex":0},"north":{"uv":[5.3125,7.125,5.5625,7.3125],"rotation":0,"texture":"#0","tintindex":0},"south":{"uv":[2.4375,7.1875,2.6875,7.375],"rotation":0,"texture":"#0","tintindex":0},"up":{"uv":[2.9375,7.375,2.6875,7.1875],"rotation":0,"texture":"#0","tintindex":0},"west":{"uv":[7.4375,2.0625,7.625,2.25],"rotation":0,"texture":"#0","tintindex":0}}}],"display":{"head":{"translation":[0.0,-6.4,0.0],"rotation":[0.0,0.0,0.0],"scale":[3.8095,3.8095,3.8095]}}}