{"textures":{"0":"modelengine:entity/nocsy_skeleton_brute2_skin","1":"modelengine:entity/nocsy_skeleton_brute_jaw"},"elements":[{"name":"cube","from":[7.8258886,2.143621,7.1889715],"to":[8.598911,8.00943,8.6224165],"rotation":{"angle":0.0,"axis":"x","origin":[10.546251,13.846947,8.0]},"faces":{"down":{"uv":[1.5,8.0625,1.4375,8.1875],"rotation":0,"texture":"#0","tintindex":0},"east":{"uv":[0.1875,5.6875,0.3125,6.3125],"rotation":0,"texture":"#0","tintindex":0},"north":{"uv":[0.5625,7.25,0.625,7.875],"rotation":0,"texture":"#0","tintindex":0},"south":{"uv":[2.375,7.25,2.4375,7.875],"rotation":0,"texture":"#0","tintindex":0},"up":{"uv":[1.375,6.625,1.3125,6.5],"rotation":0,"texture":"#0","tintindex":0},"west":{"uv":[0.0,6.4375,0.125,7.0625],"rotation":0,"texture":"#0","tintindex":0}}},{"name":"cube","from":[6.905488,2.143621,7.1889715],"to":[7.5369115,8.00943,8.6224165],"rotation":{"angle":0.0,"axis":"x","origin":[10.546251,13.846947,8.0]},"faces":{"down":{"uv":[3.0,8.0625,2.9375,8.1875],"rotation":0,"texture":"#0","tintindex":0},"east":{"uv":[5.125,6.4375,5.25,7.0625],"rotation":0,"texture":"#0","tintindex":0},"north":{"uv":[4.0625,7.25,4.125,7.875],"rotation":0,"texture":"#0","tintindex":0},"south":{"uv":[5.4375,7.3125,5.5,7.9375],"rotation":0,"texture":"#0","tintindex":0},"up":{"uv":[8.125,2.9375,8.0625,2.8125],"rotation":0,"texture":"#0","tintindex":0},"west":{"uv":[1.1875,6.5,1.3125,7.125],"rotation":0,"texture":"#0","tintindex":0}}},{"name":"cube","from":[6.777345,6.602684,6.734502],"to":[9.013096,8.838435,8.875948],"rotation":{"angle":0.0,"axis":"x","origin":[8.188611,6.6325684,7.9056945]},"faces":{"down":{"uv":[3.25,6.8125,3.0,7.0625],"rotation":0,"texture":"#0","tintindex":0},"east":{"uv":[6.75,6.75,7.0,7.0],"rotation":0,"texture":"#0","tintindex":0},"north":{"uv":[6.75,6.5,7.0,6.75],"rotation":0,"texture":"#0","tintindex":0},"south":{"uv":[6.8125,0.0,7.0625,0.25],"rotation":0,"texture":"#0","tintindex":0},"up":{"uv":[3.0,7.0625,2.75,6.8125],"rotation":0,"texture":"#0","tintindex":0},"west":{"uv":[6.8125,0.625,7.0625,0.875],"rotation":0,"texture":"#0","tintindex":0}}},{"name":"cube","from":[6.577567,-0.31926394,6.511816],"to":[8.179103,2.3324587,9.426085],"rotation":{"angle":0.0,"axis":"x","origin":[11.513448,18.597233,8.034588]},"faces":{"down":{"uv":[2.75,6.875,2.5625,7.1875],"rotation":0,"texture":"#0","tintindex":0},"east":{"uv":[6.1875,6.5625,6.5,6.8125],"rotation":0,"texture":"#0","tintindex":0},"north":{"uv":[5.5625,7.1875,5.75,7.4375],"rotation":0,"texture":"#0","tintindex":0},"south":{"uv":[5.75,7.1875,5.9375,7.4375],"rotation":0,"texture":"#0","tintindex":0},"up":{"uv":[1.8125,5.1875,1.625,4.875],"rotation":0,"texture":"#0","tintindex":0},"west":{"uv":[6.5625,6.25,6.875,6.5],"rotation":0,"texture":"#0","tintindex":0}}},{"name":"cube","from":[6.446294,-1.6319981,6.4461794],"to":[7.785283,0.4946313,7.194438],"rotation":{"angle":0.0,"axis":"x","origin":[7.432737,-1.9022398,7.952542]},"faces":{"down":{"uv":[3.125,8.0625,3.0,8.125],"rotation":0,"texture":"#0","tintindex":0},"east":{"uv":[4.25,7.8125,4.3125,8.0625],"rotation":0,"texture":"#0","tintindex":0},"north":{"uv":[0.0,7.4375,0.125,7.6875],"rotation":0,"texture":"#0","tintindex":0},"south":{"uv":[3.25,7.4375,3.375,7.6875],"rotation":0,"texture":"#0","tintindex":0},"up":{"uv":[8.1875,3.0,8.0625,2.9375],"rotation":0,"texture":"#0","tintindex":0},"west":{"uv":[4.3125,7.8125,4.375,8.0625],"rotation":0,"texture":"#0","tintindex":0}}},{"name":"cube","from":[6.715193,-2.7744904,6.59058],"to":[7.76538,-0.9366627,7.115674],"rotation":{"angle":22.5,"axis":"z","origin":[7.432737,-1.66224,7.952542]},"faces":{"down":{"uv":[8.1875,3.0625,8.0625,3.125],"rotation":0,"texture":"#0","tintindex":0},"east":{"uv":[0.875,6.75,0.9375,6.9375],"rotation":0,"texture":"#0","tintindex":0},"north":{"uv":[7.625,2.75,7.75,2.9375],"rotation":0,"texture":"#0","tintindex":0},"south":{"uv":[3.0625,7.625,3.1875,7.8125],"rotation":0,"texture":"#0","tintindex":0},"up":{"uv":[8.1875,3.0625,8.0625,3.0],"rotation":0,"texture":"#0","tintindex":0},"west":{"uv":[0.25,7.875,0.3125,8.0625],"rotation":0,"texture":"#0","tintindex":0}}},{"name":"cube","from":[6.6007614,-3.522808,6.6562166],"to":[7.5196753,-1.8162537,7.0500374],"rotation":{"angle":45.0,"axis":"z","origin":[7.432737,-1.66224,7.952542]},"faces":{"down":{"uv":[8.1875,3.125,8.0625,3.1875],"rotation":0,"texture":"#0","tintindex":0},"east":{"uv":[1.4375,7.875,1.5,8.0625],"rotation":0,"texture":"#0","tintindex":0},"north":{"uv":[7.625,3.1875,7.75,3.375],"rotation":0,"texture":"#0","tintindex":0},"south":{"uv":[7.625,3.375,7.75,3.5625],"rotation":0,"texture":"#0","tintindex":0},"up":{"uv":[3.25,8.125,3.125,8.0625],"rotation":0,"texture":"#0","tintindex":0},"west":{"uv":[2.1875,7.875,2.25,8.0625],"rotation":0,"texture":"#0","tintindex":0}}},{"name":"cube","from":[6.715193,-2.7744904,8.723773],"to":[7.76538,-0.9366627,9.347322],"rotation":{"angle":22.5,"axis":"z","origin":[7.432737,-1.66224,7.952542]},"faces":{"down":{"uv":[3.375,8.0625,3.25,8.125],"rotation":0,"texture":"#0","tintindex":0},"east":{"uv":[3.5625,7.875,3.625,8.0625],"rotation":0,"texture":"#0","tintindex":0},"north":{"uv":[7.625,3.5625,7.75,3.75],"rotation":0,"texture":"#0","tintindex":0},"south":{"uv":[7.625,4.0625,7.75,4.25],"rotation":0,"texture":"#0","tintindex":0},"up":{"uv":[8.1875,3.25,8.0625,3.1875],"rotation":0,"texture":"#0","tintindex":0},"west":{"uv":[3.625,7.875,3.6875,8.0625],"rotation":0,"texture":"#0","tintindex":0}}},{"name":"cube","from":[6.524582,-3.4737659,7.804859],"to":[7.3122225,-2.029758,8.165861],"rotation":{"angle":45.0,"axis":"z","origin":[7.432737,-1.66224,7.952542]},"faces":{"down":{"uv":[8.1875,3.3125,8.0625,3.375],"rotation":0,"texture":"#0","tintindex":0},"east":{"uv":[7.875,4.9375,7.9375,5.125],"rotation":0,"texture":"#0","tintindex":0},"north":{"uv":[4.4375,7.625,4.5625,7.8125],"rotation":0,"texture":"#0","tintindex":0},"south":{"uv":[7.625,4.5,7.75,4.6875],"rotation":0,"texture":"#0","tintindex":0},"up":{"uv":[8.1875,3.3125,8.0625,3.25],"rotation":0,"texture":"#0","tintindex":0},"west":{"uv":[5.0625,7.875,5.125,8.0625],"rotation":0,"texture":"#0","tintindex":0}}},{"name":"cube","from":[6.524582,-3.4737659,8.855046],"to":[7.3122225,-2.029758,9.216048],"rotation":{"angle":45.0,"axis":"z","origin":[7.432737,-1.66224,7.952542]},"faces":{"down":{"uv":[8.1875,3.375,8.0625,3.4375],"rotation":0,"texture":"#0","tintindex":0},"east":{"uv":[5.125,7.875,5.1875,8.0625],"rotation":0,"texture":"#0","tintindex":0},"north":{"uv":[4.5625,7.625,4.6875,7.8125],"rotation":0,"texture":"#0","tintindex":0},"south":{"uv":[5.3125,7.625,5.4375,7.8125],"rotation":0,"texture":"#0","tintindex":0},"up":{"uv":[3.5,8.125,3.375,8.0625],"rotation":0,"texture":"#0","tintindex":0},"west":{"uv":[7.875,5.125,7.9375,5.3125],"rotation":0,"texture":"#0","tintindex":0}}},{"name":"cube","from":[6.715193,-2.7744904,7.673586],"to":[7.76538,-0.9366627,8.297134],"rotation":{"angle":22.5,"axis":"z","origin":[7.432737,-1.66224,7.952542]},"faces":{"down":{"uv":[3.625,8.0625,3.5,8.125],"rotation":0,"texture":"#0","tintindex":0},"east":{"uv":[5.1875,7.875,5.25,8.0625],"rotation":0,"texture":"#0","tintindex":0},"north":{"uv":[7.625,7.4375,7.75,7.625],"rotation":0,"texture":"#0","tintindex":0},"south":{"uv":[7.625,7.625,7.75,7.8125],"rotation":0,"texture":"#0","tintindex":0},"up":{"uv":[8.1875,3.5,8.0625,3.4375],"rotation":0,"texture":"#0","tintindex":0},"west":{"uv":[7.875,5.8125,7.9375,6.0],"rotation":0,"texture":"#0","tintindex":0}}},{"name":"cube","from":[8.940489,-0.31926394,6.3805428],"to":[9.885657,1.8073648,7.7195315],"rotation":{"angle":22.5,"axis":"z","origin":[9.150526,0.74405074,7.0500374]},"faces":{"down":{"uv":[4.5,7.8125,4.375,7.9375],"rotation":0,"texture":"#0","tintindex":0},"east":{"uv":[7.375,7.4375,7.5,7.6875],"rotation":0,"texture":"#0","tintindex":0},"north":{"uv":[5.125,7.4375,5.25,7.6875],"rotation":0,"texture":"#0","tintindex":0},"south":{"uv":[0.125,7.5,0.25,7.75],"rotation":0,"texture":"#0",