{"textures":{"0":"modelengine:entity/nocsy_skeleton_brute2_skin","1":"modelengine:entity/nocsy_skeleton_brute_jaw"},"elements":[{"name":"cube","from":[7.225889,6.213443,6.982888],"to":[9.0289135,8.371907,8.705993],"rotation":{"angle":0.0,"axis":"x","origin":[12.203682,21.524796,8.86384]},"faces":{"down":{"uv":[4.5625,7.1875,4.3125,7.375],"rotation":0,"texture":"#0","tintindex":0},"east":{"uv":[6.5625,7.0625,6.75,7.3125],"rotation":0,"texture":"#0","tintindex":0},"north":{"uv":[6.75,3.5625,7.0,3.8125],"rotation":0,"texture":"#0","tintindex":0},"south":{"uv":[6.75,3.8125,7.0,4.0625],"rotation":0,"texture":"#0","tintindex":0},"up":{"uv":[7.4375,3.875,7.1875,3.6875],"rotation":0,"texture":"#0","tintindex":0},"west":{"uv":[3.1875,7.1875,3.375,7.4375],"rotation":0,"texture":"#0","tintindex":0}}},{"name":"cube","from":[6.889825,6.3825207,6.7225313],"to":[9.172201,7.285439,8.628693],"rotation":{"angle":-22.5,"axis":"x","origin":[7.8351126,7.78358,8.081789]},"faces":{"down":{"uv":[7.4375,5.0,7.1875,5.1875],"rotation":0,"texture":"#0","tintindex":0},"east":{"uv":[2.9375,7.875,3.125,7.9375],"rotation":0,"texture":"#0","tintindex":0},"north":{"uv":[7.8125,1.625,8.0625,1.6875],"rotation":0,"texture":"#0","tintindex":0},"south":{"uv":[7.8125,1.6875,8.0625,1.75],"rotation":0,"texture":"#0","tintindex":0},"up":{"uv":[7.4375,4.75,7.1875,4.5625],"rotation":0,"texture":"#0","tintindex":0},"west":{"uv":[7.875,3.0625,8.0625,3.125],"rotation":0,"texture":"#0","tintindex":0}}},{"name":"cube","from":[6.6390133,5.768978,6.2197866],"to":[9.423012,6.6718965,9.254595],"rotation":{"angle":0.0,"axis":"x","origin":[7.8351126,7.78358,8.081789]},"faces":{"down":{"uv":[6.5,4.5625,6.1875,4.875],"rotation":0,"texture":"#0","tintindex":0},"east":{"uv":[7.75,2.1875,8.0625,2.25],"rotation":0,"texture":"#0","tintindex":0},"north":{"uv":[7.75,2.125,8.0625,2.1875],"rotation":0,"texture":"#0","tintindex":0},"south":{"uv":[7.75,2.25,8.0625,2.3125],"rotation":0,"texture":"#0","tintindex":0},"up":{"uv":[6.4375,2.875,6.125,2.5625],"rotation":0,"texture":"#0","tintindex":0},"west":{"uv":[7.75,2.3125,8.0625,2.375],"rotation":0,"texture":"#0","tintindex":0}}},{"name":"cube","from":[7.7706594,5.5951276,5.1823335],"to":[8.924388,6.498046,7.088494],"rotation":{"angle":-22.5,"axis":"y","origin":[7.8351126,7.78358,8.081789]},"faces":{"down":{"uv":[7.75,1.25,7.625,1.4375],"rotation":0,"texture":"#0","tintindex":0},"east":{"uv":[3.125,7.875,3.3125,7.9375],"rotation":0,"texture":"#0","tintindex":0},"north":{"uv":[8.0625,2.0625,8.1875,2.125],"rotation":0,"texture":"#0","tintindex":0},"south":{"uv":[8.0625,2.125,8.1875,2.1875],"rotation":0,"texture":"#0","tintindex":0},"up":{"uv":[7.75,1.25,7.625,1.0625],"rotation":0,"texture":"#0","tintindex":0},"west":{"uv":[7.875,3.125,8.0625,3.1875],"rotation":0,"texture":"#0","tintindex":0}}},{"name":"cube","from":[6.7769594,5.405303,6.7339487],"to":[9.285065,6.157735,9.116649],"rotation":{"angle":0.0,"axis":"x","origin":[7.8351126,7.78358,8.081789]},"faces":{"down":{"uv":[7.0,4.8125,6.75,5.0625],"rotation":0,"texture":"#0","tintindex":0},"east":{"uv":[2.4375,7.8125,2.6875,7.875],"rotation":0,"texture":"#0","tintindex":0},"north":{"uv":[2.0,7.8125,2.25,7.875],"rotation":0,"texture":"#0","tintindex":0},"south":{"uv":[7.8125,2.625,8.0625,2.6875],"rotation":0,"texture":"#0","tintindex":0},"up":{"uv":[7.0,4.8125,6.75,4.5625],"rotation":0,"texture":"#0","tintindex":0},"west":{"uv":[2.6875,7.8125,2.9375,7.875],"rotation":0,"texture":"#0","tintindex":0}}},{"name":"cube","from":[7.7706594,5.4697223,4.0536857],"to":[8.924388,6.2472353,4.7057934],"rotation":{"angle":-22.5,"axis":"y","origin":[7.8351126,7.78358,8.081789]},"faces":{"down":{"uv":[2.4375,8.0625,2.3125,8.125],"rotation":0,"texture":"#0","tintindex":0},"east":{"uv":[1.3125,8.1875,1.375,8.25],"rotation":0,"texture":"#0","tintindex":0},"north":{"uv":[2.1875,8.0625,2.3125,8.125],"rotation":0,"texture":"#0","tintindex":0},"south":{"uv":[8.0625,2.1875,8.1875,2.25],"rotation":0,"texture":"#0","tintindex":0},"up":{"uv":[8.1875,2.3125,8.0625,2.25],"rotation":0,"texture":"#0","tintindex":0},"west":{"uv":[1.375,8.1875,1.4375,8.25],"rotation":0,"texture":"#0","tintindex":0}}},{"name":"cube","from":[7.4309278,5.5951276,5.178176],"to":[8.584656,6.498046,7.0843363],"rotation":{"angle":0.0,"axis":"x","origin":[7.8351126,7.78358,8.081789]},"faces":{"down":{"uv":[7.75,2.0625,7.625,2.25],"rotation":0,"texture":"#0","tintindex":0},"east":{"uv":[3.75,7.875,3.9375,7.9375],"rotation":0,"texture":"#0","tintindex":0},"north":{"uv":[8.0625,2.3125,8.1875,2.375],"rotation":0,"texture":"#0","tintindex":0},"south":{"uv":[8.0625,2.375,8.1875,2.4375],"rotation":0,"texture":"#0","tintindex":0},"up":{"uv":[7.75,2.0625,7.625,1.875],"rotation":0,"texture":"#0","tintindex":0},"west":{"uv":[7.875,3.75,8.0625,3.8125],"rotation":0,"texture":"#0","tintindex":0}}},{"name":"cube","from":[8.021469,5.5951276,3.5520647],"to":[8.673577,6.12183,5.9598465],"rotation":{"angle":-22.5,"axis":"y","origin":[7.8351126,7.78358,8.081789]},"faces":{"down":{"uv":[2.3125,7.8125,2.25,8.0625],"rotation":0,"texture":"#0","tintindex":0},"east":{"uv":[7.8125,2.6875,8.0625,2.75],"rotation":0,"texture":"#0","tintindex":0},"north":{"uv":[8.1875,1.375,8.25,1.4375],"rotation":0,"texture":"#0","tintindex":0},"south":{"uv":[1.4375,8.1875,1.5,8.25],"rotation":0,"texture":"#0","tintindex":0},"up":{"uv":[1.8125,8.0625,1.75,7.8125],"rotation":0,"texture":"#0","tintindex":0},"west":{"uv":[2.9375,7.8125,3.1875,7.875],"rotation":0,"texture":"#0","tintindex":0}}},{"name":"cube","from":[7.4309278,5.4697223,4.0495286],"to":[8.584656,6.2472353,4.7016363],"rotation":{"angle":0.0,"axis":"x","origin":[7.8351126,7.78358,8.081789]},"faces":{"down":{"uv":[2.6875,8.0625,2.5625,8.125],"rotation":0,"texture":"#0","tintindex":0},"east":{"uv":[8.1875,1.4375,8.25,1.5],"rotation":0,"texture":"#0","tintindex":0},"north":{"uv":[2.4375,8.0625,2.5625,8.125],"rotation":0,"texture":"#0","tintindex":0},"south":{"uv":[8.0625,2.4375,8.1875,2.5],"rotation":0,"texture":"#0","tintindex":0},"up":{"uv":[8.1875,2.5625,8.0625,2.5],"rotation":0,"texture":"#0","tintindex":0},"west":{"uv":[1.5,8.1875,1.5625,8.25],"rotation":0,"texture":"#0","tintindex":0}}},{"name":"cube","from":[7.681738,5.5951276,3.5479074],"to":[8.333845,6.12183,5.955689],"rotation":{"angle":0.0,"axis":"x","origin":[7.8351126,7.78358,8.081789]},"faces":{"down":{"uv":[3.5625,7.8125,3.5,8.0625],"rotation":0,"texture":"#0","tintindex":0},"east":{"uv":[7.8125,2.9375,8.0625,3.0],"rotation":0,"texture":"#0","tintindex":0},"north":{"uv":[8.1875,1.5,8.25,1.5625],"rotation":0,"texture":"#0","tintindex":0},"south":{"uv":[1.5625,8.1875,1.625,8.25],"rotation":0,"texture":"#0","tintindex":0},"up":{"uv":[2.375,8.0625,2.3125,7.8125],"rotation":0,"texture":"#0","tintindex":0},"west":{"uv":[7.8125,3.0,8.0625,3.0625],"rotation":0,"texture":"#0","tintindex":0}}},{"name":"cube","from":[5.961362,5.5951276,5.188297],"to":[7.1150904,6.498046,7.0944576],"rotation":{"angle":22.5,"axis":"y","origin":[8.0,6.92,5.18]},"faces":{"down":{"uv":[7.75,2.4375,7.625,2.625],"rotation":0,"texture":"#0","tintindex":0},"east":{"uv":[7.875,3.8125,8.0625,3.875],"rotation":0,"texture":"#0","tintindex":0},"north":{"uv":[8.0625,2.5625,8.1875,2.625],"rotation":0,"texture":"#0","tintindex":0},"south":{"uv":[8.0625,2.625,8.1875,2.6875],"rotation":0,"texture":"#0","tintindex":0},"up":{"uv":[7.75,2.4375,7.625,2.25],"rotation":0,"texture":"#0","tintindex":0},"west":{"uv":[3.9375,7.875,4.125,7.9375],"rotation":0,"texture":"#0","tintindex":0}}},{"name":"cube","from":[5.961362,5.4697223,4.0596495],"to":[7.1150904,6.2472353,4.7117567],"rotation":{"angle":22.5,"axis":"y","origin":[8.0,6.92,5.18]},"faces":{"down":{"uv":[2.9375,8.0625,2.8125,8.125],"rotation":0,"texture":"#0","tintindex":0},"east":{"uv":[8.1875,1.5625,8.25,1.625],"rotation":0,"texture":"#0","tintindex":0},"north":{"uv":[2.6875,8.0625,2.8125,8.125],"rotation":0,"texture":"#0","tintindex":0},"south":{"uv":[8.0625,2.6875,8.1875,2.75],"rotation":0,