{"textures":{"0":"modelengine:entity/nocsy_skeleton_brute2_skin","1":"modelengine:entity/nocsy_skeleton_brute_jaw"},"elements":[{"name":"cube","from":[6.9710865,6.213443,6.982888],"to":[8.774111,8.371907,8.705993],"rotation":{"angle":0.0,"axis":"x","origin":[3.7963183,21.524796,8.86384]},"faces":{"down":{"uv":[1.625,6.125,1.375,6.3125],"rotation":0,"texture":"#0","tintindex":0},"east":{"uv":[7.0,3.6875,7.1875,3.9375],"rotation":0,"texture":"#0","tintindex":0},"north":{"uv":[0.625,6.75,0.875,7.0],"rotation":0,"texture":"#0","tintindex":0},"south":{"uv":[6.75,1.625,7.0,1.875],"rotation":0,"texture":"#0","tintindex":0},"up":{"uv":[5.0,3.5625,4.75,3.375],"rotation":0,"texture":"#0","tintindex":0},"west":{"uv":[7.0,4.5625,7.1875,4.8125],"rotation":0,"texture":"#0","tintindex":0}}},{"name":"cube","from":[6.8277993,6.3825207,6.7225313],"to":[9.110175,7.285439,8.628693],"rotation":{"angle":-22.5,"axis":"x","origin":[8.164886,7.78358,8.081789]},"faces":{"down":{"uv":[7.25,5.3125,7.0,5.5],"rotation":0,"texture":"#0","tintindex":0},"east":{"uv":[1.8125,4.75,2.0,4.8125],"rotation":0,"texture":"#0","tintindex":0},"north":{"uv":[5.8125,4.5625,6.0625,4.625],"rotation":0,"texture":"#0","tintindex":0},"south":{"uv":[6.3125,6.25,6.5625,6.3125],"rotation":0,"texture":"#0","tintindex":0},"up":{"uv":[7.25,5.0,7.0,4.8125],"rotation":0,"texture":"#0","tintindex":0},"west":{"uv":[1.0,4.8125,1.1875,4.875],"rotation":0,"texture":"#0","tintindex":0}}},{"name":"cube","from":[6.5769887,5.768978,6.2197866],"to":[9.360986,6.671896,9.254595],"rotation":{"angle":0.0,"axis":"x","origin":[8.164886,7.78358,8.081789]},"faces":{"down":{"uv":[6.3125,5.6875,6.0,6.0],"rotation":0,"texture":"#0","tintindex":0},"east":{"uv":[7.75,1.375,8.0625,1.4375],"rotation":0,"texture":"#0","tintindex":0},"north":{"uv":[5.125,2.4375,5.4375,2.5],"rotation":0,"texture":"#0","tintindex":0},"south":{"uv":[7.75,1.9375,8.0625,2.0],"rotation":0,"texture":"#0","tintindex":0},"up":{"uv":[6.3125,5.6875,6.0,5.375],"rotation":0,"texture":"#0","tintindex":0},"west":{"uv":[2.0,7.75,2.3125,7.8125],"rotation":0,"texture":"#0","tintindex":0}}},{"name":"cube","from":[7.075612,5.5951276,5.182333],"to":[8.229341,6.498046,7.088494],"rotation":{"angle":22.5,"axis":"y","origin":[8.164886,7.78358,8.081789]},"faces":{"down":{"uv":[6.3125,5.1875,6.1875,5.375],"rotation":0,"texture":"#0","tintindex":0},"east":{"uv":[2.9375,5.9375,3.125,6.0],"rotation":0,"texture":"#0","tintindex":0},"north":{"uv":[0.1875,6.3125,0.3125,6.375],"rotation":0,"texture":"#0","tintindex":0},"south":{"uv":[6.875,6.4375,7.0,6.5],"rotation":0,"texture":"#0","tintindex":0},"up":{"uv":[1.8125,3.875,1.6875,3.6875],"rotation":0,"texture":"#0","tintindex":0},"west":{"uv":[5.4375,6.25,5.625,6.3125],"rotation":0,"texture":"#0","tintindex":0}}},{"name":"cube","from":[6.7149343,5.405303,6.7339487],"to":[9.223041,6.157735,9.116649],"rotation":{"angle":0.0,"axis":"x","origin":[8.164886,7.78358,8.081789]},"faces":{"down":{"uv":[7.0,3.3125,6.75,3.5625],"rotation":0,"texture":"#0","tintindex":0},"east":{"uv":[2.375,6.625,2.625,6.6875],"rotation":0,"texture":"#0","tintindex":0},"north":{"uv":[6.5,3.3125,6.75,3.375],"rotation":0,"texture":"#0","tintindex":0},"south":{"uv":[3.75,7.75,4.0,7.8125],"rotation":0,"texture":"#0","tintindex":0},"up":{"uv":[7.0,3.125,6.75,2.875],"rotation":0,"texture":"#0","tintindex":0},"west":{"uv":[7.75,4.625,8.0,4.6875],"rotation":0,"texture":"#0","tintindex":0}}},{"name":"cube","from":[7.075612,5.4697223,4.0536857],"to":[8.229341,6.2472353,4.7057934],"rotation":{"angle":22.5,"axis":"y","origin":[8.164886,7.78358,8.081789]},"faces":{"down":{"uv":[7.5625,5.125,7.4375,5.1875],"rotation":0,"texture":"#0","tintindex":0},"east":{"uv":[1.1875,4.3125,1.25,4.375],"rotation":0,"texture":"#0","tintindex":0},"north":{"uv":[2.4375,7.125,2.5625,7.1875],"rotation":0,"texture":"#0","tintindex":0},"south":{"uv":[3.0625,7.375,3.1875,7.4375],"rotation":0,"texture":"#0","tintindex":0},"up":{"uv":[7.5625,4.3125,7.4375,4.25],"rotation":0,"texture":"#0","tintindex":0},"west":{"uv":[5.0625,4.3125,5.125,4.375],"rotation":0,"texture":"#0","tintindex":0}}},{"name":"cube","from":[7.4153438,5.5951276,5.178176],"to":[8.569073,6.498046,7.0843363],"rotation":{"angle":0.0,"axis":"x","origin":[8.164886,7.78358,8.081789]},"faces":{"down":{"uv":[7.6875,5.125,7.5625,5.3125],"rotation":0,"texture":"#0","tintindex":0},"east":{"uv":[6.5625,6.5,6.75,6.5625],"rotation":0,"texture":"#0","tintindex":0},"north":{"uv":[7.5,1.3125,7.625,1.375],"rotation":0,"texture":"#0","tintindex":0},"south":{"uv":[7.5625,0.25,7.6875,0.3125],"rotation":0,"texture":"#0","tintindex":0},"up":{"uv":[4.4375,7.75,4.3125,7.5625],"rotation":0,"texture":"#0","tintindex":0},"west":{"uv":[0.625,6.6875,0.8125,6.75],"rotation":0,"texture":"#0","tintindex":0}}},{"name":"cube","from":[7.3264227,5.5951276,3.5520647],"to":[7.97853,6.12183,5.9598465],"rotation":{"angle":22.5,"axis":"y","origin":[8.164886,7.78358,8.081789]},"faces":{"down":{"uv":[4.125,5.5,4.0625,5.75],"rotation":0,"texture":"#0","tintindex":0},"east":{"uv":[7.75,4.8125,8.0,4.875],"rotation":0,"texture":"#0","tintindex":0},"north":{"uv":[5.3125,5.4375,5.375,5.5],"rotation":0,"texture":"#0","tintindex":0},"south":{"uv":[0.5,6.625,0.5625,6.6875],"rotation":0,"texture":"#0","tintindex":0},"up":{"uv":[5.0,5.4375,4.9375,5.1875],"rotation":0,"texture":"#0","tintindex":0},"west":{"uv":[7.75,4.875,8.0,4.9375],"rotation":0,"texture":"#0","tintindex":0}}},{"name":"cube","from":[7.4153438,5.4697223,4.0495286],"to":[8.569073,6.2472353,4.7016363],"rotation":{"angle":0.0,"axis":"x","origin":[8.164886,7.78358,8.081789]},"faces":{"down":{"uv":[8.1875,1.625,8.0625,1.6875],"rotation":0,"texture":"#0","tintindex":0},"east":{"uv":[6.75,4.0625,6.8125,4.125],"rotation":0,"texture":"#0","tintindex":0},"north":{"uv":[8.0625,1.375,8.1875,1.4375],"rotation":0,"texture":"#0","tintindex":0},"south":{"uv":[8.0625,1.5,8.1875,1.5625],"rotation":0,"texture":"#0","tintindex":0},"up":{"uv":[8.1875,1.625,8.0625,1.5625],"rotation":0,"texture":"#0","tintindex":0},"west":{"uv":[6.4375,6.8125,6.5,6.875],"rotation":0,"texture":"#0","tintindex":0}}},{"name":"cube","from":[7.666154,5.5951276,3.547907],"to":[8.318262,6.12183,5.9556885],"rotation":{"angle":0.0,"axis":"x","origin":[8.164886,7.78358,8.081789]},"faces":{"down":{"uv":[6.5,2.875,6.4375,3.125],"rotation":0,"texture":"#0","tintindex":0},"east":{"uv":[5.5625,7.75,5.8125,7.8125],"rotation":0,"texture":"#0","tintindex":0},"north":{"uv":[7.0625,0.8125,7.125,0.875],"rotation":0,"texture":"#0","tintindex":0},"south":{"uv":[7.0,7.1875,7.0625,7.25],"rotation":0,"texture":"#0","tintindex":0},"up":{"uv":[6.0625,3.875,6.0,3.625],"rotation":0,"texture":"#0","tintindex":0},"west":{"uv":[5.8125,7.75,6.0625,7.8125],"rotation":0,"texture":"#0","tintindex":0}}},{"name":"cube","from":[8.884909,5.5951276,5.188297],"to":[10.038638,6.498046,7.0944576],"rotation":{"angle":-22.5,"axis":"y","origin":[8.0,6.92,5.18]},"faces":{"down":{"uv":[5.8125,7.5625,5.6875,7.75],"rotation":0,"texture":"#0","tintindex":0},"east":{"uv":[7.0,5.0,7.1875,5.0625],"rotation":0,"texture":"#0","tintindex":0},"north":{"uv":[8.0625,1.6875,8.1875,1.75],"rotation":0,"texture":"#0","tintindex":0},"south":{"uv":[1.75,8.0625,1.875,8.125],"rotation":0,"texture":"#0","tintindex":0},"up":{"uv":[5.6875,7.75,5.5625,7.5625],"rotation":0,"texture":"#0","tintindex":0},"west":{"uv":[7.875,0.375,8.0625,0.4375],"rotation":0,"texture":"#0","tintindex":0}}},{"name":"cube","from":[8.884909,5.4697223,4.0596495],"to":[10.038638,6.2472353,4.7117567],"rotation":{"angle":-22.5,"axis":"y","origin":[8.0,6.92,5.18]},"faces":{"down":{"uv":[8.1875,2.0,8.0625,2.0625],"rotation":0,"texture":"#0","tintindex":0},"east":{"uv":[7.375,0.4375,7.4375,0.5],"rotation":0,"texture":"#0","tintindex":0},"north":{"uv":[8.0625,1.75,8.1875,1.8125],"rotation":0,"texture":"#0","tintindex":0},"south":{"uv":[1.875,8.0625,2.0,8.125],"rotation":0,"texture":"#0","tintindex":0},"up":{"uv":[8.1875,2.0,8.0625,1.9375],"rotation":0,