{"textures":{"0":"modelengine:entity/nocsy_skeleton_brute2_skin","1":"modelengine:entity/nocsy_skeleton_brute_jaw"},"elements":[{"name":"cube","from":[8.318288,-0.5564325,8.098448],"to":[9.101312,7.962032,8.6215515],"rotation":{"angle":0.0,"axis":"x","origin":[4.48352,13.074921,8.5994005]},"faces":{"down":{"uv":[8.25,0.9375,8.1875,1.0],"rotation":0,"texture":"#0","tintindex":0},"east":{"uv":[5.0625,6.625,5.125,7.5],"rotation":0,"texture":"#0","tintindex":0},"north":{"uv":[3.5,6.5625,3.5625,7.4375],"rotation":0,"texture":"#0","tintindex":0},"south":{"uv":[4.25,6.875,4.3125,7.75],"rotation":0,"texture":"#0","tintindex":0},"up":{"uv":[1.0,8.25,0.9375,8.1875],"rotation":0,"texture":"#0","tintindex":0},"west":{"uv":[4.75,6.875,4.8125,7.75],"rotation":0,"texture":"#0","tintindex":0}}},{"name":"cube","from":[8.312288,-0.5624325,6.592448],"to":[9.107312,7.968032,7.4875517],"rotation":{"angle":0.0,"axis":"x","origin":[4.48352,13.074921,8.5994005]},"faces":{"down":{"uv":[8.25,1.0,8.1875,1.0625],"rotation":0,"texture":"#0","tintindex":0},"east":{"uv":[6.125,6.875,6.1875,7.75],"rotation":0,"texture":"#0","tintindex":0},"north":{"uv":[4.8125,6.875,4.875,7.75],"rotation":0,"texture":"#0","tintindex":0},"south":{"uv":[0.3125,6.9375,0.375,7.8125],"rotation":0,"texture":"#0","tintindex":0},"up":{"uv":[1.0625,8.25,1.0,8.1875],"rotation":0,"texture":"#0","tintindex":0},"west":{"uv":[1.625,6.9375,1.6875,7.8125],"rotation":0,"texture":"#0","tintindex":0}}},{"name":"cube","from":[7.472288,6.817568,6.532448],"to":[9.647312,8.748032,8.627552],"rotation":{"angle":0.0,"axis":"x","origin":[4.48352,13.074921,8.5994005]},"faces":{"down":{"uv":[1.125,7.125,0.875,7.3125],"rotation":0,"texture":"#0","tintindex":0},"east":{"uv":[7.4375,0.4375,7.625,0.625],"rotation":0,"texture":"#0","tintindex":0},"north":{"uv":[7.0625,6.9375,7.3125,7.125],"rotation":0,"texture":"#0","tintindex":0},"south":{"uv":[7.125,0.3125,7.375,0.5],"rotation":0,"texture":"#0","tintindex":0},"up":{"uv":[7.375,1.0,7.125,0.8125],"rotation":0,"texture":"#0","tintindex":0},"west":{"uv":[7.4375,0.625,7.625,0.8125],"rotation":0,"texture":"#0","tintindex":0}}}],"display":{"head":{"translation":[0.0,-6.4,0.0],"rotation":[0.0,0.0,0.0],"scale":[3.8095,3.8095,3.8095]}}}