{"textures":{"0":"modelengine:entity/nocsy_skeleton_brute2_skin","1":"modelengine:entity/nocsy_skeleton_brute_jaw"},"elements":[{"name":"cube","from":[7.3304625,1.1343365,7.5357785],"to":[9.075825,6.792673,8.950363],"rotation":{"angle":0.0,"axis":"x","origin":[5.302892,6.981283,8.337377]},"faces":{"down":{"uv":[7.8125,6.125,7.625,6.25],"rotation":0,"texture":"#0","tintindex":0},"east":{"uv":[4.9375,6.625,5.0625,7.1875],"rotation":0,"texture":"#0","tintindex":0},"north":{"uv":[3.8125,6.0,4.0,6.5625],"rotation":0,"texture":"#0","tintindex":0},"south":{"uv":[6.0,4.8125,6.1875,5.375],"rotation":0,"texture":"#0","tintindex":0},"up":{"uv":[7.8125,3.0625,7.625,2.9375],"rotation":0,"texture":"#0","tintindex":0},"west":{"uv":[0.5,6.6875,0.625,7.25],"rotation":0,"texture":"#0","tintindex":0}}},{"name":"cube","from":[6.6224623,5.3823357,6.827779],"to":[9.075825,8.208672,9.658363],"rotation":{"angle":22.5,"axis":"z","origin":[7.8491435,6.7955046,8.243071]},"faces":{"down":{"uv":[1.8125,6.625,1.5625,6.9375],"rotation":0,"texture":"#0","tintindex":0},"east":{"uv":[1.375,6.3125,1.6875,6.625],"rotation":0,"texture":"#0","tintindex":0},"north":{"uv":[6.5,6.5625,6.75,6.875],"rotation":0,"texture":"#0","tintindex":0},"south":{"uv":[0.125,6.625,0.375,6.9375],"rotation":0,"texture":"#0","tintindex":0},"up":{"uv":[1.5625,6.9375,1.3125,6.625],"rotation":0,"texture":"#0","tintindex":0},"west":{"uv":[1.6875,6.3125,2.0,6.625],"rotation":0,"texture":"#0","tintindex":0}}},{"name":"cube","from":[4.762462,6.8823357,5.6277785],"to":[10.162462,8.082335,10.427778],"rotation":{"angle":-45.0,"axis":"z","origin":[7.8491435,6.7955046,8.243071]},"faces":{"down":{"uv":[5.1875,0.5,4.625,1.0],"rotation":0,"texture":"#0","tintindex":0},"east":{"uv":[3.125,3.75,3.625,3.875],"rotation":0,"texture":"#0","tintindex":0},"north":{"uv":[6.6875,5.875,7.25,6.0],"rotation":0,"texture":"#0","tintindex":0},"south":{"uv":[6.6875,6.0,7.25,6.125],"rotation":0,"texture":"#0","tintindex":0},"up":{"uv":[5.1875,0.5,4.625,0.0],"rotation":0,"texture":"#0","tintindex":0},"west":{"uv":[6.75,4.3125,7.25,4.4375],"rotation":0,"texture":"#0","tintindex":0}}},{"name":"cube","from":[7.117462,7.8573356,6.3477783],"to":[8.917462,9.057336,9.947779],"rotation":{"angle":-22.5,"axis":"z","origin":[7.4774623,8.757336,8.1477785]},"faces":{"down":{"uv":[2.0,4.375,1.8125,4.75],"rotation":0,"texture":"#0","tintindex":0},"east":{"uv":[7.1875,5.1875,7.5625,5.3125],"rotation":0,"texture":"#0","tintindex":0},"north":{"uv":[7.625,6.9375,7.8125,7.0625],"rotation":0,"texture":"#0","tintindex":0},"south":{"uv":[7.6875,0.8125,7.875,0.9375],"rotation":0,"texture":"#0","tintindex":0},"up":{"uv":[3.625,1.625,3.4375,1.25],"rotation":0,"texture":"#0","tintindex":0},"west":{"uv":[6.1875,7.1875,6.5625,7.3125],"rotation":0,"texture":"#0","tintindex":0}}},{"name":"cube","from":[7.5074625,6.1623373,6.3477783],"to":[8.707462,7.9623375,9.947779],"rotation":{"angle":22.5,"axis":"z","origin":[7.4774623,8.757336,8.1477785]},"faces":{"down":{"uv":[5.25,7.0625,5.125,7.4375],"rotation":0,"texture":"#0","tintindex":0},"east":{"uv":[6.75,0.3125,7.125,0.5],"rotation":0,"texture":"#0","tintindex":0},"north":{"uv":[3.1875,7.6875,3.3125,7.875],"rotation":0,"texture":"#0","tintindex":0},"south":{"uv":[7.6875,4.25,7.8125,4.4375],"rotation":0,"texture":"#0","tintindex":0},"up":{"uv":[0.125,7.4375,0.0,7.0625],"rotation":0,"texture":"#0","tintindex":0},"west":{"uv":[6.75,0.875,7.125,1.0625],"rotation":0,"texture":"#0","tintindex":0}}},{"name":"cube","from":[7.4024625,5.0223365,8.207779],"to":[10.402463,9.822336,8.207779],"rotation":{"angle":45.0,"axis":"z","origin":[7.522463,8.802336,8.1477785]},"faces":{"down":{"uv":[0.3125,0.0,0.0,0.0],"rotation":0,"texture":"#0","tintindex":0},"east":{"uv":[0.0,0.0,0.0,0.5],"rotation":0,"texture":"#0","tintindex":0},"north":{"uv":[0.5,5.5,0.8125,6.0],"rotation":0,"texture":"#0","tintindex":0},"south":{"uv":[2.0,5.5,2.3125,6.0],"rotation":0,"texture":"#0","tintindex":0},"up":{"uv":[0.3125,0.0,0.0,0.0],"rotation":0,"texture":"#0","tintindex":0},"west":{"uv":[0.0,0.0,0.0,0.5],"rotation":0,"texture":"#0","tintindex":0}}},{"name":"cube","from":[7.4024625,5.0223365,7.007778],"to":[10.402463,9.822336,7.007778],"rotation":{"angle":45.0,"axis":"z","origin":[7.522463,8.802336,8.1477785]},"faces":{"down":{"uv":[0.3125,0.0,0.0,0.0],"rotation":0,"texture":"#0","tintindex":0},"east":{"uv":[0.0,0.0,0.0,0.5],"rotation":0,"texture":"#0","tintindex":0},"north":{"uv":[2.3125,5.5,2.625,6.0],"rotation":0,"texture":"#0","tintindex":0},"south":{"uv":[3.125,5.5,3.4375,6.0],"rotation":0,"texture":"#0","tintindex":0},"up":{"uv":[0.3125,0.0,0.0,0.0],"rotation":0,"texture":"#0","tintindex":0},"west":{"uv":[0.0,0.0,0.0,0.5],"rotation":0,"texture":"#0","tintindex":0}}},{"name":"cube","from":[7.4024625,5.0223365,9.167778],"to":[10.402463,9.822336,9.167778],"rotation":{"angle":45.0,"axis":"z","origin":[7.522463,8.802336,8.1477785]},"faces":{"down":{"uv":[0.3125,0.0,0.0,0.0],"rotation":0,"texture":"#0","tintindex":0},"east":{"uv":[0.0,0.0,0.0,0.5],"rotation":0,"texture":"#0","tintindex":0},"north":{"uv":[3.4375,5.5,3.75,6.0],"rotation":0,"texture":"#0","tintindex":0},"south":{"uv":[3.75,5.5,4.0625,6.0],"rotation":0,"texture":"#0","tintindex":0},"up":{"uv":[0.3125,0.0,0.0,0.0],"rotation":0,"texture":"#0","tintindex":0},"west":{"uv":[0.0,0.0,0.0,0.5],"rotation":0,"texture":"#0","tintindex":0}}}],"display":{"head":{"translation":[0.0,-6.4,0.0],"rotation":[0.0,0.0,0.0],"scale":[3.8095,3.8095,3.8095]}}}