{"textures":{"0":"modelengine:entity/nocsy_skeleton_brute2_skin","1":"modelengine:entity/nocsy_skeleton_brute_jaw"},"elements":[{"name":"cube","from":[7.4010887,2.143621,7.1889715],"to":[8.174111,8.00943,8.6224165],"rotation":{"angle":0.0,"axis":"x","origin":[5.4537487,13.846947,8.0]},"faces":{"down":{"uv":[8.125,4.125,8.0625,4.25],"rotation":0,"texture":"#0","tintindex":0},"east":{"uv":[4.5625,6.5,4.6875,7.125],"rotation":0,"texture":"#0","tintindex":0},"north":{"uv":[5.5,7.3125,5.5625,7.9375],"rotation":0,"texture":"#0","tintindex":0},"south":{"uv":[6.5,7.3125,6.5625,7.9375],"rotation":0,"texture":"#0","tintindex":0},"up":{"uv":[4.1875,8.1875,4.125,8.0625],"rotation":0,"texture":"#0","tintindex":0},"west":{"uv":[0.375,6.625,0.5,7.25],"rotation":0,"texture":"#0","tintindex":0}}},{"name":"cube","from":[8.463089,2.143621,7.1889715],"to":[9.094512,8.00943,8.6224165],"rotation":{"angle":0.0,"axis":"x","origin":[5.4537487,13.846947,8.0]},"faces":{"down":{"uv":[4.3125,8.0625,4.25,8.1875],"rotation":0,"texture":"#0","tintindex":0},"east":{"uv":[1.8125,6.625,1.9375,7.25],"rotation":0,"texture":"#0","tintindex":0},"north":{"uv":[6.5625,7.3125,6.625,7.9375],"rotation":0,"texture":"#0","tintindex":0},"south":{"uv":[6.625,7.3125,6.6875,7.9375],"rotation":0,"texture":"#0","tintindex":0},"up":{"uv":[4.25,8.1875,4.1875,8.0625],"rotation":0,"texture":"#0","tintindex":0},"west":{"uv":[1.9375,6.625,2.0625,7.25],"rotation":0,"texture":"#0","tintindex":0}}},{"name":"cube","from":[6.986904,6.602684,6.734502],"to":[9.222654,8.838435,8.875948],"rotation":{"angle":0.0,"axis":"x","origin":[7.811389,6.6325684,7.9056945]},"faces":{"down":{"uv":[4.0,6.875,3.75,7.125],"rotation":0,"texture":"#0","tintindex":0},"east":{"uv":[6.8125,4.0625,7.0625,4.3125],"rotation":0,"texture":"#0","tintindex":0},"north":{"uv":[3.25,6.8125,3.5,7.0625],"rotation":0,"texture":"#0","tintindex":0},"south":{"uv":[6.1875,6.8125,6.4375,7.0625],"rotation":0,"texture":"#0","tintindex":0},"up":{"uv":[2.5625,7.125,2.3125,6.875],"rotation":0,"texture":"#0","tintindex":0},"west":{"uv":[2.0625,6.875,2.3125,7.125],"rotation":0,"texture":"#0","tintindex":0}}},{"name":"cube","from":[7.820897,-0.31926394,6.511816],"to":[9.422432,2.3324587,9.426085],"rotation":{"angle":0.0,"axis":"x","origin":[4.4865527,18.597233,8.034588]},"faces":{"down":{"uv":[5.9375,6.875,5.75,7.1875],"rotation":0,"texture":"#0","tintindex":0},"east":{"uv":[2.0625,6.625,2.375,6.875],"rotation":0,"texture":"#0","tintindex":0},"north":{"uv":[5.9375,7.1875,6.125,7.4375],"rotation":0,"texture":"#0","tintindex":0},"south":{"uv":[0.125,7.25,0.3125,7.5],"rotation":0,"texture":"#0","tintindex":0},"up":{"uv":[5.75,7.1875,5.5625,6.875],"rotation":0,"texture":"#0","tintindex":0},"west":{"uv":[4.0,6.625,4.3125,6.875],"rotation":0,"texture":"#0","tintindex":0}}},{"name":"cube","from":[7.494717,-1.6319981,6.4461794],"to":[8.833706,0.4946313,7.194438],"rotation":{"angle":-22.5,"axis":"z","origin":[7.8472633,-1.9022398,7.952542]},"faces":{"down":{"uv":[8.1875,4.5,8.0625,4.5625],"rotation":0,"texture":"#0","tintindex":0},"east":{"uv":[5.375,7.8125,5.4375,8.0625],"rotation":0,"texture":"#0","tintindex":0},"north":{"uv":[1.9375,7.5,2.0625,7.75],"rotation":0,"texture":"#0","tintindex":0},"south":{"uv":[2.0625,7.5,2.1875,7.75],"rotation":0,"texture":"#0","tintindex":0},"up":{"uv":[4.625,8.125,4.5,8.0625],"rotation":0,"texture":"#0","tintindex":0},"west":{"uv":[5.6875,7.8125,5.75,8.0625],"rotation":0,"texture":"#0","tintindex":0}}},{"name":"cube","from":[7.004585,-2.0131288,6.59058],"to":[8.842412,-0.96294165,7.115674],"rotation":{"angle":0.0,"axis":"x","origin":[8.116835,-1.2955842,7.952542]},"faces":{"down":{"uv":[6.1875,7.875,6.25,8.0625],"rotation":90,"texture":"#0","tintindex":0},"east":{"uv":[8.1875,4.625,8.0625,4.5625],"rotation":90,"texture":"#0","tintindex":0},"north":{"uv":[7.6875,5.0,7.8125,5.1875],"rotation":270,"texture":"#0","tintindex":0},"south":{"uv":[5.125,7.6875,5.25,7.875],"rotation":90,"texture":"#0","tintindex":0},"up":{"uv":[6.25,7.875,6.3125,8.0625],"rotation":90,"texture":"#0","tintindex":0},"west":{"uv":[4.75,8.0625,4.625,8.125],"rotation":90,"texture":"#0","tintindex":0}}},{"name":"cube","from":[6.2562666,-2.1275606,6.6562166],"to":[7.9628205,-1.2086458,7.0500374],"rotation":{"angle":-22.5,"axis":"z","origin":[8.116835,-1.2955842,7.952542]},"faces":{"down":{"uv":[7.375,7.875,7.4375,8.0625],"rotation":90,"texture":"#0","tintindex":0},"east":{"uv":[4.875,8.125,4.75,8.0625],"rotation":90,"texture":"#0","tintindex":0},"north":{"uv":[7.6875,5.1875,7.8125,5.375],"rotation":270,"texture":"#0","tintindex":0},"south":{"uv":[7.6875,5.375,7.8125,5.5625],"rotation":90,"texture":"#0","tintindex":0},"up":{"uv":[7.4375,7.875,7.5,8.0625],"rotation":90,"texture":"#0","tintindex":0},"west":{"uv":[8.1875,4.75,8.0625,4.8125],"rotation":90,"texture":"#0","tintindex":0}}},{"name":"cube","from":[7.004585,-2.0131288,8.723773],"to":[8.842412,-0.96294165,9.347322],"rotation":{"angle":0.0,"axis":"x","origin":[8.116835,-1.2955842,7.952542]},"faces":{"down":{"uv":[7.5,7.875,7.5625,8.0625],"rotation":90,"texture":"#0","tintindex":0},"east":{"uv":[5.1875,8.125,5.0625,8.0625],"rotation":90,"texture":"#0","tintindex":0},"north":{"uv":[7.6875,5.5625,7.8125,5.75],"rotation":270,"texture":"#0","tintindex":0},"south":{"uv":[7.6875,5.75,7.8125,5.9375],"rotation":90,"texture":"#0","tintindex":0},"up":{"uv":[7.5625,7.875,7.625,8.0625],"rotation":90,"texture":"#0","tintindex":0},"west":{"uv":[5.3125,8.0625,5.1875,8.125],"rotation":90,"texture":"#0","tintindex":0}}},{"name":"cube","from":[6.3053093,-2.2037382,7.804859],"to":[7.7493167,-1.4160986,8.165861],"rotation":{"angle":-22.5,"axis":"z","origin":[8.116835,-1.2955842,7.952542]},"faces":{"down":{"uv":[7.75,7.875,7.8125,8.0625],"rotation":90,"texture":"#0","tintindex":0},"east":{"uv":[5.4375,8.125,5.3125,8.0625],"rotation":90,"texture":"#0","tintindex":0},"north":{"uv":[7.6875,5.9375,7.8125,6.125],"rotation":270,"texture":"#0","tintindex":0},"south":{"uv":[7.6875,6.4375,7.8125,6.625],"rotation":90,"texture":"#0","tintindex":0},"up":{"uv":[7.8125,7.875,7.875,8.0625],"rotation":90,"texture":"#0","tintindex":0},"west":{"uv":[8.1875,5.3125,8.0625,5.375],"rotation":90,"texture":"#0","tintindex":0}}},{"name":"cube","from":[6.3053093,-2.2037382,8.855046],"to":[7.7493167,-1.4160986,9.216048],"rotation":{"angle":-22.5,"axis":"z","origin":[8.116835,-1.2955842,7.952542]},"faces":{"down":{"uv":[7.875,7.875,7.9375,8.0625],"rotation":90,"texture":"#0","tintindex":0},"east":{"uv":[8.1875,5.4375,8.0625,5.375],"rotation":90,"texture":"#0","tintindex":0},"north":{"uv":[7.6875,6.625,7.8125,6.8125],"rotation":270,"texture":"#0","tintindex":0},"south":{"uv":[7.6875,7.125,7.8125,7.3125],"rotation":90,"texture":"#0","tintindex":0},"up":{"uv":[0.125,7.9375,0.1875,8.125],"rotation":90,"texture":"#0","tintindex":0},"west":{"uv":[8.1875,5.4375,8.0625,5.5],"rotation":90,"texture":"#0","tintindex":0}}},{"name":"cube","from":[7.004585,-2.0131288,7.673586],"to":[8.842412,-0.96294165,8.297134],"rotation":{"angle":0.0,"axis":"x","origin":[8.116835,-1.2955842,7.952542]},"faces":{"down":{"uv":[0.1875,7.9375,0.25,8.125],"rotation":90,"texture":"#0","tintindex":0},"east":{"uv":[5.625,8.125,5.5,8.0625],"rotation":90,"texture":"#0","tintindex":0},"north":{"uv":[7.375,7.6875,7.5,7.875],"rotation":270,"texture":"#0","tintindex":0},"south":{"uv":[7.5,7.6875,7.625,7.875],"rotation":90,"texture":"#0","tintindex":0},"up":{"uv":[7.9375,0.4375,8.0,0.625],"rotation":90,"texture":"#0","tintindex":0},"west":{"uv":[8.1875,5.5,8.0625,5.5625],"rotation":90,"texture":"#0","tintindex":0}}},{"name":"cube","from":[6.1143427,-0.31926394,6.3805428],"to":[7.059511,1.8073648,7.7195315],"rotation":{"angle":-22.5,"axis":"z","origin":[6.849474,0.74405074,7.0500374]},"faces":{"down":{"uv":[5.875,7.8125,5.75,7.9375],"rotation":0,"texture":"#0","tintindex":0},"east":{"uv":[2.4375,7.5,2.5625,7.75],"rotation":0,"texture":"#0","tintindex":0},"north":{"uv":[2.1875,7.5,2.3125,7.75],"rotation":0,