{"textures":{"0":"modelengine:entity/nocsy_skeleton_brute2_skin","1":"modelengine:entity/nocsy_skeleton_brute_jaw"},"elements":[{"name":"cube","from":[7.1,7.1,-10.900003],"to":[8.9,8.9,-1.9000025],"rotation":{"angle":0.0,"axis":"x","origin":[5.0196557,26.970497,-6.143232]},"faces":{"down":{"uv":[1.1875,5.25,1.0,6.1875],"rotation":0,"texture":"#0","tintindex":0},"east":{"uv":[5.125,2.25,6.0625,2.4375],"rotation":0,"texture":"#0","tintindex":0},"north":{"uv":[7.4375,2.25,7.625,2.4375],"rotation":0,"texture":"#0","tintindex":0},"south":{"uv":[7.4375,2.4375,7.625,2.625],"rotation":0,"texture":"#0","tintindex":0},"up":{"uv":[4.9375,6.125,4.75,5.1875],"rotation":0,"texture":"#0","tintindex":0},"west":{"uv":[5.125,4.625,6.0625,4.8125],"rotation":0,"texture":"#0","tintindex":0}}},{"name":"cube","from":[6.5,7.7,-2.800003],"to":[9.5,9.5,0.19999695],"rotation":{"angle":0.0,"axis":"x","origin":[5.0196557,26.970497,-6.143232]},"faces":{"down":{"uv":[2.625,6.3125,2.3125,6.625],"rotation":0,"texture":"#0","tintindex":0},"east":{"uv":[6.875,6.25,7.1875,6.4375],"rotation":0,"texture":"#0","tintindex":0},"north":{"uv":[1.8125,2.9375,2.125,3.125],"rotation":0,"texture":"#0","tintindex":0},"south":{"uv":[6.4375,6.875,6.75,7.0625],"rotation":0,"texture":"#0","tintindex":0},"up":{"uv":[2.3125,6.625,2.0,6.3125],"rotation":0,"texture":"#0","tintindex":0},"west":{"uv":[0.875,6.9375,1.1875,7.125],"rotation":0,"texture":"#0","tintindex":0}}},{"name":"cube","from":[6.74,7.04,-3.460003],"to":[9.26,9.559999,-2.7400026],"rotation":{"angle":0.0,"axis":"x","origin":[5.0196557,26.970497,-6.143232]},"faces":{"down":{"uv":[8.0625,4.75,7.8125,4.8125],"rotation":0,"texture":"#0","tintindex":0},"east":{"uv":[7.8125,5.1875,7.875,5.4375],"rotation":0,"texture":"#0","tintindex":0},"north":{"uv":[4.0,6.875,4.25,7.125],"rotation":0,"texture":"#0","tintindex":0},"south":{"uv":[5.3125,6.875,5.5625,7.125],"rotation":0,"texture":"#0","tintindex":0},"up":{"uv":[8.0625,4.4375,7.8125,4.375],"rotation":0,"texture":"#0","tintindex":0},"west":{"uv":[5.3125,7.8125,5.375,8.0625],"rotation":0,"texture":"#0","tintindex":0}}},{"name":"cube","from":[7.1,9.5,-2.800003],"to":[8.9,10.099999,-0.40000248],"rotation":{"angle":0.0,"axis":"x","origin":[5.0196557,26.970497,-6.143232]},"faces":{"down":{"uv":[1.3125,7.25,1.125,7.5],"rotation":0,"texture":"#0","tintindex":0},"east":{"uv":[7.8125,5.4375,8.0625,5.5],"rotation":0,"texture":"#0","tintindex":0},"north":{"uv":[7.875,5.3125,8.0625,5.375],"rotation":0,"texture":"#0","tintindex":0},"south":{"uv":[7.875,5.375,8.0625,5.4375],"rotation":0,"texture":"#0","tintindex":0},"up":{"uv":[0.5625,7.5,0.375,7.25],"rotation":0,"texture":"#0","tintindex":0},"west":{"uv":[7.8125,5.5,8.0625,5.5625],"rotation":0,"texture":"#0","tintindex":0}}},{"name":"cube","from":[7.04,6.38,-3.1600037],"to":[8.96,8.3,-0.040002823],"rotation":{"angle":22.5,"axis":"x","origin":[8.0,6.8,-1.300003]},"faces":{"down":{"uv":[0.3125,6.9375,0.125,7.25],"rotation":0,"texture":"#0","tintindex":0},"east":{"uv":[1.3125,6.9375,1.625,7.125],"rotation":0,"texture":"#0","tintindex":0},"north":{"uv":[7.4375,2.875,7.625,3.0625],"rotation":0,"texture":"#0","tintindex":0},"south":{"uv":[3.0625,7.4375,3.25,7.625],"rotation":0,"texture":"#0","tintindex":0},"up":{"uv":[6.125,7.1875,5.9375,6.875],"rotation":0,"texture":"#0","tintindex":0},"west":{"uv":[7.0,1.625,7.3125,1.8125],"rotation":0,"texture":"#0","tintindex":0}}},{"name":"cube","from":[7.094,8.294,0.19399738],"to":[8.906,9.506,8.605999],"rotation":{"angle":0.0,"axis":"x","origin":[5.0196557,26.970497,-6.143232]},"faces":{"down":{"uv":[0.5,5.5,0.3125,6.375],"rotation":0,"texture":"#0","tintindex":0},"east":{"uv":[5.5,2.125,6.375,2.25],"rotation":0,"texture":"#0","tintindex":0},"north":{"uv":[7.6875,3.0625,7.875,3.1875],"rotation":0,"texture":"#0","tintindex":0},"south":{"uv":[7.6875,3.75,7.875,3.875],"rotation":0,"texture":"#0","tintindex":0},"up":{"uv":[1.625,6.125,1.4375,5.25],"rotation":0,"texture":"#0","tintindex":0},"west":{"uv":[5.8125,4.4375,6.6875,4.5625],"rotation":0,"texture":"#0","tintindex":0}}},{"name":"cube","from":[6.5,8.3,0.19999695],"to":[9.5,9.5,1.3999968],"rotation":{"angle":0.0,"axis":"x","origin":[5.0196557,26.970497,-6.143232]},"faces":{"down":{"uv":[4.0625,7.375,3.75,7.5],"rotation":0,"texture":"#0","tintindex":0},"east":{"uv":[5.5625,7.8125,5.6875,7.9375],"rotation":0,"texture":"#0","tintindex":0},"north":{"uv":[2.0,7.375,2.3125,7.5],"rotation":0,"texture":"#0","tintindex":0},"south":{"uv":[2.4375,7.375,2.75,7.5],"rotation":0,"texture":"#0","tintindex":0},"up":{"uv":[3.0625,7.5,2.75,7.375],"rotation":0,"texture":"#0","tintindex":0},"west":{"uv":[7.8125,5.5625,7.9375,5.6875],"rotation":0,"texture":"#0","tintindex":0}}},{"name":"cube","from":[7.7,7.1,0.19999695],"to":[8.3,8.3,13.999996],"rotation":{"angle":0.0,"axis":"x","origin":[5.0196557,26.970497,-6.143232]},"faces":{"down":{"uv":[3.75,6.25,3.6875,7.6875],"rotation":0,"texture":"#0","tintindex":0},"east":{"uv":[5.0625,3.125,6.5,3.25],"rotation":0,"texture":"#0","tintindex":0},"north":{"uv":[4.3125,8.0625,4.375,8.1875],"rotation":0,"texture":"#0","tintindex":0},"south":{"uv":[8.0625,4.375,8.125,4.5],"rotation":0,"texture":"#0","tintindex":0},"up":{"uv":[4.9375,7.5625,4.875,6.125],"rotation":0,"texture":"#0","tintindex":0},"west":{"uv":[5.0625,3.25,6.5,3.375],"rotation":0,"texture":"#0","tintindex":0}}},{"name":"cube","from":[7.82,3.1999998,-1.0000029],"to":[7.82,11.599999,32.0],"rotation":{"angle":0.0,"axis":"x","origin":[5.0196557,26.970497,-6.143232]},"faces":{"down":{"uv":[0.0,0.0,0.0,3.4375],"rotation":0,"texture":"#0","tintindex":0},"east":{"uv":[0.0,0.0,3.4375,0.875],"rotation":0,"texture":"#0","tintindex":0},"north":{"uv":[0.0,0.0,0.0,0.875],"rotation":0,"texture":"#0","tintindex":0},"south":{"uv":[0.0,0.0,0.0,0.875],"rotation":0,"texture":"#0","tintindex":0},"up":{"uv":[0.0,3.4375,0.0,0.0],"rotation":0,"texture":"#0","tintindex":0},"west":{"uv":[0.0,0.875,3.4375,1.75],"rotation":0,"texture":"#0","tintindex":0}}},{"name":"cube","from":[6.92,6.92,-11.080004],"to":[9.08,9.08,-8.920003],"rotation":{"angle":0.0,"axis":"x","origin":[5.0196557,26.970497,-6.143232]},"faces":{"down":{"uv":[7.625,4.5625,7.4375,4.75],"rotation":0,"texture":"#0","tintindex":0},"east":{"uv":[7.4375,3.375,7.625,3.5625],"rotation":0,"texture":"#0","tintindex":0},"north":{"uv":[7.4375,3.1875,7.625,3.375],"rotation":0,"texture":"#0","tintindex":0},"south":{"uv":[7.4375,3.5625,7.625,3.75],"rotation":0,"texture":"#0","tintindex":0},"up":{"uv":[4.6875,7.625,4.5,7.4375],"rotation":0,"texture":"#0","tintindex":0},"west":{"uv":[7.4375,4.0625,7.625,4.25],"rotation":0,"texture":"#0","tintindex":0}}}],"display":{"head":{"translation":[0.0,-6.4,51.52001],"rotation":[0.0,0.0,0.0],"scale":[3.8095,3.8095,3.8095]}}}