{"textures":{"0":"modelengine:entity/rocky"},"elements":[{"name":"cube","from":[10.700001,6.6499996,2.6],"to":[21.5,13.400001,12.05],"rotation":{"angle":22.5,"axis":"z","origin":[25.55,-13.600001,3.9499998]},"faces":{"down":{"uv":[8.0,1.75,7.0,2.625],"rotation":0,"texture":"#0","tintindex":0},"east":{"uv":[9.375,3.125,10.25,3.75],"rotation":0,"texture":"#0","tintindex":0},"north":{"uv":[8.875,4.625,9.875,5.25],"rotation":0,"texture":"#0","tintindex":0},"south":{"uv":[8.875,5.25,9.875,5.875],"rotation":0,"texture":"#0","tintindex":0},"up":{"uv":[2.0,7.75,1.0,6.875],"rotation":0,"texture":"#0","tintindex":0},"west":{"uv":[9.375,3.75,10.25,4.375],"rotation":0,"texture":"#0","tintindex":0}}},{"name":"cube","from":[9.35,6.6499996,3.9499998],"to":[10.700001,12.05,10.700001],"rotation":{"angle":22.5,"axis":"z","origin":[25.55,-13.600001,3.9499998]},"faces":{"down":{"uv":[12.0,12.25,11.875,12.875],"rotation":0,"texture":"#0","tintindex":0},"east":{"uv":[11.0,8.125,11.625,8.625],"rotation":0,"texture":"#0","tintindex":0},"north":{"uv":[10.125,12.375,10.25,12.875],"rotation":0,"texture":"#0","tintindex":0},"south":{"uv":[12.375,10.25,12.5,10.75],"rotation":0,"texture":"#0","tintindex":0},"up":{"uv":[11.875,12.875,11.75,12.25],"rotation":0,"texture":"#0","tintindex":0},"west":{"uv":[0.75,11.125,1.375,11.625],"rotation":0,"texture":"#0","tintindex":0}}},{"name":"cube","from":[12.05,-0.10000038,3.9499998],"to":[17.45,6.6499996,9.35],"rotation":{"angle":22.5,"axis":"z","origin":[25.55,-13.600001,3.9499998]},"faces":{"down":{"uv":[12.125,0.0,11.625,0.5],"rotation":0,"texture":"#0","tintindex":0},"east":{"uv":[11.125,5.625,11.625,6.25],"rotation":0,"texture":"#0","tintindex":0},"north":{"uv":[11.125,1.75,11.625,2.375],"rotation":0,"texture":"#0","tintindex":0},"south":{"uv":[11.125,8.625,11.625,9.25],"rotation":0,"texture":"#0","tintindex":0},"up":{"uv":[12.0,11.125,11.5,10.625],"rotation":0,"texture":"#0","tintindex":0},"west":{"uv":[11.125,9.25,11.625,9.875],"rotation":0,"texture":"#0","tintindex":0}}},{"name":"cube","from":[10.70405,3.9540496,2.60405],"to":[20.14595,6.64595,10.69595],"rotation":{"angle":22.5,"axis":"z","origin":[25.55,-13.600001,3.9499998]},"faces":{"down":{"uv":[9.125,2.625,8.25,3.375],"rotation":0,"texture":"#0","tintindex":0},"east":{"uv":[1.125,12.0,1.875,12.25],"rotation":0,"texture":"#0","tintindex":0},"north":{"uv":[11.75,3.625,12.625,3.875],"rotation":0,"texture":"#0","tintindex":0},"south":{"uv":[11.75,3.875,12.625,4.125],"rotation":0,"texture":"#0","tintindex":0},"up":{"uv":[8.875,6.0,8.0,5.25],"rotation":0,"texture":"#0","tintindex":0},"west":{"uv":[1.875,12.0,2.625,12.25],"rotation":0,"texture":"#0","tintindex":0}}},{"name":"cube","from":[10.700001,-6.8500004,2.6],"to":[18.8,-0.10000038,9.35],"rotation":{"angle":22.5,"axis":"z","origin":[25.55,-13.600001,3.9499998]},"faces":{"down":{"uv":[10.625,5.0,9.875,5.625],"rotation":0,"texture":"#0","tintindex":0},"east":{"uv":[10.5,8.625,11.125,9.25],"rotation":0,"texture":"#0","tintindex":0},"north":{"uv":[9.875,0.625,10.625,1.25],"rotation":0,"texture":"#0","tintindex":0},"south":{"uv":[9.875,1.25,10.625,1.875],"rotation":0,"texture":"#0","tintindex":0},"up":{"uv":[10.625,5.0,9.875,4.375],"rotation":0,"texture":"#0","tintindex":0},"west":{"uv":[10.5,9.25,11.125,9.875],"rotation":0,"texture":"#0","tintindex":0}}},{"name":"cube","from":[13.400001,-5.500001,3.9499998],"to":[20.150002,-1.4500003,12.05],"rotation":{"angle":22.5,"axis":"z","origin":[25.55,-13.600001,3.9499998]},"faces":{"down":{"uv":[2.5,10.0,1.875,10.75],"rotation":0,"texture":"#0","tintindex":0},"east":{"uv":[11.0,11.375,11.75,11.75],"rotation":0,"texture":"#0","tintindex":0},"north":{"uv":[11.75,0.5,12.375,0.875],"rotation":0,"texture":"#0","tintindex":0},"south":{"uv":[11.75,0.875,12.375,1.25],"rotation":0,"texture":"#0","tintindex":0},"up":{"uv":[1.875,10.75,1.25,10.0],"rotation":0,"texture":"#0","tintindex":0},"west":{"uv":[11.5,2.375,12.25,2.75],"rotation":0,"texture":"#0","tintindex":0}}},{"name":"cube","from":[13.402701,2.6027,2.6027],"to":[16.097301,7.997301,3.9473],"rotation":{"angle":22.5,"axis":"z","origin":[25.55,-13.600001,3.9499998]},"faces":{"down":{"uv":[11.625,4.5,11.375,4.625],"rotation":0,"texture":"#0","tintindex":0},"east":{"uv":[12.125,12.375,12.25,12.875],"rotation":0,"texture":"#0","tintindex":0},"north":{"uv":[4.875,12.125,5.125,12.625],"rotation":0,"texture":"#0","tintindex":0},"south":{"uv":[7.625,12.125,7.875,12.625],"rotation":0,"texture":"#0","tintindex":0},"up":{"uv":[1.5,10.0,1.25,9.875],"rotation":0,"texture":"#0","tintindex":0},"west":{"uv":[12.25,12.375,12.375,12.875],"rotation":0,"texture":"#0","tintindex":0}}},{"name":"cube","from":[10.700001,2.6,5.3],"to":[12.05,6.6499996,8.0],"rotation":{"angle":22.5,"axis":"z","origin":[25.55,-13.600001,3.9499998]},"faces":{"down":{"uv":[9.875,4.375,9.75,4.625],"rotation":0,"texture":"#0","tintindex":0},"east":{"uv":[9.5,10.375,9.75,10.75],"rotation":0,"texture":"#0","tintindex":0},"north":{"uv":[3.375,12.5,3.5,12.875],"rotation":0,"texture":"#0","tintindex":0},"south":{"uv":[3.5,12.5,3.625,12.875],"rotation":0,"texture":"#0","tintindex":0},"up":{"uv":[3.125,9.125,3.0,8.875],"rotation":0,"texture":"#0","tintindex":0},"west":{"uv":[1.125,12.25,1.375,12.625],"rotation":0,"texture":"#0","tintindex":0}}}],"display":{"head":{"translation":[0.0,-6.4,0.0],"rotation":[0.0,0.0,0.0],"scale":[3.8095,3.8095,3.8095]}}}