{"textures":{"0":"modelengine:entity/rocky"},"elements":[{"name":"cube","from":[10.700001,6.6499996,2.6],"to":[21.5,13.400001,12.05],"rotation":{"angle":22.5,"axis":"z","origin":[25.55,-13.600001,3.9499998]},"faces":{"down":{"uv":[7.625,6.125,6.625,7.0],"rotation":0,"texture":"#0","tintindex":0},"east":{"uv":[5.5,9.125,6.375,9.75],"rotation":0,"texture":"#0","tintindex":0},"north":{"uv":[3.125,8.5,4.125,9.125],"rotation":0,"texture":"#0","tintindex":0},"south":{"uv":[8.875,1.625,9.875,2.25],"rotation":0,"texture":"#0","tintindex":0},"up":{"uv":[1.0,7.5,0.0,6.625],"rotation":0,"texture":"#0","tintindex":0},"west":{"uv":[6.375,9.125,7.25,9.75],"rotation":0,"texture":"#0","tintindex":0}}},{"name":"cube","from":[9.35,6.6499996,3.9499998],"to":[10.700001,12.05,10.700001],"rotation":{"angle":22.5,"axis":"z","origin":[25.55,-13.600001,3.9499998]},"faces":{"down":{"uv":[11.75,12.25,11.625,12.875],"rotation":0,"texture":"#0","tintindex":0},"east":{"uv":[6.0,11.0,6.625,11.5],"rotation":0,"texture":"#0","tintindex":0},"north":{"uv":[9.625,12.375,9.75,12.875],"rotation":0,"texture":"#0","tintindex":0},"south":{"uv":[9.75,12.375,9.875,12.875],"rotation":0,"texture":"#0","tintindex":0},"up":{"uv":[11.625,12.875,11.5,12.25],"rotation":0,"texture":"#0","tintindex":0},"west":{"uv":[11.0,7.625,11.625,8.125],"rotation":0,"texture":"#0","tintindex":0}}},{"name":"cube","from":[12.05,-0.10000038,3.9499998],"to":[17.45,6.6499996,9.35],"rotation":{"angle":22.5,"axis":"z","origin":[25.55,-13.600001,3.9499998]},"faces":{"down":{"uv":[4.75,11.5,4.25,12.0],"rotation":0,"texture":"#0","tintindex":0},"east":{"uv":[8.625,11.0,9.125,11.625],"rotation":0,"texture":"#0","tintindex":0},"north":{"uv":[8.125,11.0,8.625,11.625],"rotation":0,"texture":"#0","tintindex":0},"south":{"uv":[11.0,10.125,11.5,10.75],"rotation":0,"texture":"#0","tintindex":0},"up":{"uv":[8.375,7.625,7.875,7.125],"rotation":0,"texture":"#0","tintindex":0},"west":{"uv":[11.0,10.75,11.5,11.375],"rotation":0,"texture":"#0","tintindex":0}}},{"name":"cube","from":[10.70405,3.9540496,2.60405],"to":[20.14595,6.64595,10.69595],"rotation":{"angle":22.5,"axis":"z","origin":[25.55,-13.600001,3.9499998]},"faces":{"down":{"uv":[8.875,4.5,8.0,5.25],"rotation":0,"texture":"#0","tintindex":0},"east":{"uv":[11.0,11.875,11.75,12.125],"rotation":0,"texture":"#0","tintindex":0},"north":{"uv":[1.125,4.25,2.0,4.5],"rotation":0,"texture":"#0","tintindex":0},"south":{"uv":[11.75,3.375,12.625,3.625],"rotation":0,"texture":"#0","tintindex":0},"up":{"uv":[8.875,2.625,8.0,1.875],"rotation":0,"texture":"#0","tintindex":0},"west":{"uv":[11.75,11.875,12.5,12.125],"rotation":0,"texture":"#0","tintindex":0}}},{"name":"cube","from":[10.700001,-6.8500004,2.6],"to":[18.8,-0.10000038,9.35],"rotation":{"angle":22.5,"axis":"z","origin":[25.55,-13.600001,3.9499998]},"faces":{"down":{"uv":[10.5,9.5,9.75,10.125],"rotation":0,"texture":"#0","tintindex":0},"east":{"uv":[8.875,10.375,9.5,11.0],"rotation":0,"texture":"#0","tintindex":0},"north":{"uv":[8.25,9.75,9.0,10.375],"rotation":0,"texture":"#0","tintindex":0},"south":{"uv":[9.75,8.875,10.5,9.5],"rotation":0,"texture":"#0","tintindex":0},"up":{"uv":[9.75,10.375,9.0,9.75],"rotation":0,"texture":"#0","tintindex":0},"west":{"uv":[10.375,10.125,11.0,10.75],"rotation":0,"texture":"#0","tintindex":0}}},{"name":"cube","from":[13.400001,-5.500001,3.9499998],"to":[20.150002,-1.4500003,12.05],"rotation":{"angle":22.5,"axis":"z","origin":[25.55,-13.600001,3.9499998]},"faces":{"down":{"uv":[1.25,9.875,0.625,10.625],"rotation":0,"texture":"#0","tintindex":0},"east":{"uv":[11.0,6.5,11.75,6.875],"rotation":0,"texture":"#0","tintindex":0},"north":{"uv":[11.625,9.5,12.25,9.875],"rotation":0,"texture":"#0","tintindex":0},"south":{"uv":[0.0,11.75,0.625,12.125],"rotation":0,"texture":"#0","tintindex":0},"up":{"uv":[0.625,10.625,0.0,9.875],"rotation":0,"texture":"#0","tintindex":0},"west":{"uv":[11.375,1.25,12.125,1.625],"rotation":0,"texture":"#0","tintindex":0}}},{"name":"cube","from":[13.4026985,2.6027,2.6027],"to":[16.097301,7.997301,3.9473],"rotation":{"angle":22.5,"axis":"z","origin":[25.55,-13.600001,3.9499998]},"faces":{"down":{"uv":[2.75,7.625,2.5,7.75],"rotation":0,"texture":"#0","tintindex":0},"east":{"uv":[9.875,12.375,10.0,12.875],"rotation":0,"texture":"#0","tintindex":0},"north":{"uv":[0.75,8.75,1.0,9.25],"rotation":0,"texture":"#0","tintindex":0},"south":{"uv":[6.75,10.375,7.0,10.875],"rotation":0,"texture":"#0","tintindex":0},"up":{"uv":[7.5,4.625,7.25,4.5],"rotation":0,"texture":"#0","tintindex":0},"west":{"uv":[10.0,12.375,10.125,12.875],"rotation":0,"texture":"#0","tintindex":0}}},{"name":"cube","from":[10.700001,2.6,5.3],"to":[12.05,6.6499996,8.0],"rotation":{"angle":22.5,"axis":"z","origin":[25.55,-13.600001,3.9499998]},"faces":{"down":{"uv":[8.375,8.75,8.25,9.0],"rotation":0,"texture":"#0","tintindex":0},"east":{"uv":[8.875,2.25,9.125,2.625],"rotation":0,"texture":"#0","tintindex":0},"north":{"uv":[12.5,1.75,12.625,2.125],"rotation":0,"texture":"#0","tintindex":0},"south":{"uv":[3.25,12.5,3.375,12.875],"rotation":0,"texture":"#0","tintindex":0},"up":{"uv":[1.125,5.75,1.0,5.5],"rotation":0,"texture":"#0","tintindex":0},"west":{"uv":[7.0,9.75,7.25,10.125],"rotation":0,"texture":"#0","tintindex":0}}},{"name":"cube","from":[3.9499998,-2.8000002,5.3],"to":[12.05,8.0,10.700001],"rotation":{"angle":0.0,"axis":"x","origin":[3.9499998,13.400001,8.0]},"faces":{"down":{"uv":[3.25,10.75,2.5,11.25],"rotation":0,"texture":"#0","tintindex":0},"east":{"uv":[3.625,9.125,4.125,10.125],"rotation":0,"texture":"#0","tintindex":0},"north":{"uv":[7.5,2.625,8.25,3.625],"rotation":0,"texture":"#0","tintindex":0},"south":{"uv":[3.5,7.5,4.25,8.5],"rotation":0,"texture":"#0","tintindex":0},"up":{"uv":[2.5,11.25,1.75,10.75],"rotation":0,"texture":"#0","tintindex":0},"west":{"uv":[7.25,9.125,7.75,10.125],"rotation":0,"texture":"#0","tintindex":0}}}],"display":{"head":{"translation":[0.0,-6.4,0.0],"rotation":[0.0,0.0,0.0],"scale":[3.8095,3.8095,3.8095]}}}