{"textures":{"0":"modelengine:entity/almeriatroll_retextured"},"elements":[{"name":"endtail","from":[7.790102,7.5698237,7.8891807],"to":[8.855738,8.15108,13.637157],"rotation":{"angle":0.0,"axis":"x","origin":[8.0,7.678263,8.260539]},"faces":{"down":{"uv":[5.4375,10.75,5.25,11.625],"rotation":0,"texture":"#0","tintindex":0},"east":{"uv":[8.25,7.5,9.125,7.625],"rotation":0,"texture":"#0","tintindex":0},"north":{"uv":[11.0,4.375,11.1875,4.5],"rotation":0,"texture":"#0","tintindex":0},"south":{"uv":[11.125,2.25,11.3125,2.375],"rotation":0,"texture":"#0","tintindex":0},"up":{"uv":[1.4375,11.625,1.25,10.75],"rotation":0,"texture":"#0","tintindex":0},"west":{"uv":[10.875,5.375,11.75,5.5],"rotation":0,"texture":"#0","tintindex":0}}},{"name":"bun","from":[7.547912,7.3876348,11.844951],"to":[9.097928,8.45327,13.233507],"rotation":{"angle":0.0,"axis":"x","origin":[8.0,7.678263,8.260539]},"faces":{"down":{"uv":[12.0625,6.25,11.875,6.4375],"rotation":0,"texture":"#0","tintindex":0},"east":{"uv":[11.25,5.25,11.4375,5.375],"rotation":0,"texture":"#0","tintindex":0},"north":{"uv":[11.125,3.875,11.3125,4.0],"rotation":0,"texture":"#0","tintindex":0},"south":{"uv":[11.375,4.75,11.5625,4.875],"rotation":0,"texture":"#0","tintindex":0},"up":{"uv":[12.0625,6.1875,11.875,6.0],"rotation":0,"texture":"#0","tintindex":0},"west":{"uv":[11.5,2.125,11.6875,2.25],"rotation":0,"texture":"#0","tintindex":0}}}],"display":{"head":{"translation":[0.0,-6.4,0.0],"rotation":[0.0,0.0,0.0],"scale":[3.8095,3.8095,3.8095]}}}