{"textures":{"0":"modelengine:entity/almeriatroll_retextured"},"elements":[{"name":"cube","from":[7.3541603,7.3541603,7.3541603],"to":[8.484381,9.29168,8.64584],"rotation":{"angle":0.0,"axis":"x","origin":[8.02598,8.25518,8.0327]},"faces":{"down":{"uv":[11.875,8.125,11.625,8.375],"rotation":0,"texture":"#0","tintindex":0},"east":{"uv":[5.5,11.5,5.75,11.8125],"rotation":0,"texture":"#0","tintindex":0},"north":{"uv":[5.0,11.5,5.25,11.8125],"rotation":0,"texture":"#0","tintindex":0},"south":{"uv":[5.75,11.5,6.0,11.8125],"rotation":0,"texture":"#0","tintindex":0},"up":{"uv":[11.875,8.125,11.625,7.875],"rotation":0,"texture":"#0","tintindex":0},"west":{"uv":[6.0,11.5,6.25,11.8125],"rotation":0,"texture":"#0","tintindex":0}}},{"name":"cube","from":[7.5544734,8.372476,7.59635],"to":[8.200313,9.825615,8.40365],"rotation":{"angle":0.0,"axis":"x","origin":[8.1641035,8.611305,9.1126995]},"faces":{"down":{"uv":[12.0625,8.0,11.875,8.1875],"rotation":0,"texture":"#0","tintindex":0},"east":{"uv":[11.75,7.375,11.9375,7.6875],"rotation":0,"texture":"#0","tintindex":0},"north":{"uv":[7.375,11.75,7.5625,12.0625],"rotation":0,"texture":"#0","tintindex":0},"south":{"uv":[7.625,11.75,7.8125,12.0625],"rotation":0,"texture":"#0","tintindex":0},"up":{"uv":[8.0625,12.0625,7.875,11.875],"rotation":0,"texture":"#0","tintindex":0},"west":{"uv":[11.75,9.625,11.9375,9.9375],"rotation":0,"texture":"#0","tintindex":0}}}],"display":{"head":{"translation":[0.0,-6.4,0.0],"rotation":[0.0,0.0,0.0],"scale":[3.8095,3.8095,3.8095]}}}