{"textures":{"0":"modelengine:entity/almeriatroll_retextured"},"elements":[{"name":"cube","from":[7.0312395,7.0312405,9.813456],"to":[8.96876,8.96876,11.670245],"rotation":{"angle":0.0,"axis":"x","origin":[7.1927,9.77606,3.5165148]},"faces":{"down":{"uv":[1.0,11.75,0.75,12.0],"rotation":0,"texture":"#0","tintindex":0},"east":{"uv":[11.625,11.625,11.875,11.875],"rotation":0,"texture":"#0","tintindex":0},"north":{"uv":[11.375,11.625,11.625,11.875],"rotation":0,"texture":"#0","tintindex":0},"south":{"uv":[11.75,0.0,12.0,0.25],"rotation":0,"texture":"#0","tintindex":0},"up":{"uv":[12.0,0.75,11.75,0.5],"rotation":0,"texture":"#0","tintindex":0},"west":{"uv":[11.75,0.25,12.0,0.5],"rotation":0,"texture":"#0","tintindex":0}}},{"name":"cube","from":[6.7083197,6.7083197,8.683235],"to":[9.291679,9.29168,11.185865],"rotation":{"angle":0.0,"axis":"x","origin":[7.1927,9.77606,3.5165148]},"faces":{"down":{"uv":[11.6875,0.75,11.375,1.0625],"rotation":0,"texture":"#0","tintindex":0},"east":{"uv":[10.5,11.25,10.8125,11.5625],"rotation":0,"texture":"#0","tintindex":0},"north":{"uv":[11.25,10.25,11.5625,10.5625],"rotation":0,"texture":"#0","tintindex":0},"south":{"uv":[11.25,10.625,11.5625,10.9375],"rotation":0,"texture":"#0","tintindex":0},"up":{"uv":[1.0625,11.6875,0.75,11.375],"rotation":0,"texture":"#0","tintindex":0},"west":{"uv":[11.25,11.0,11.5625,11.3125],"rotation":0,"texture":"#0","tintindex":0}}},{"name":"cube","from":[7.0312395,7.0312405,7.7952046],"to":[8.96876,8.96876,9.651995],"rotation":{"angle":0.0,"axis":"x","origin":[7.1927,9.77606,3.5165148]},"faces":{"down":{"uv":[11.875,11.0,11.625,11.25],"rotation":0,"texture":"#0","tintindex":0},"east":{"uv":[11.625,10.25,11.875,10.5],"rotation":0,"texture":"#0","tintindex":0},"north":{"uv":[10.25,11.625,10.5,11.875],"rotation":0,"texture":"#0","tintindex":0},"south":{"uv":[10.5,11.625,10.75,11.875],"rotation":0,"texture":"#0","tintindex":0},"up":{"uv":[11.875,11.0,11.625,10.75],"rotation":0,"texture":"#0","tintindex":0},"west":{"uv":[11.625,10.5,11.875,10.75],"rotation":0,"texture":"#0","tintindex":0}}}],"display":{"head":{"translation":[0.0,-6.4,0.0],"rotation":[0.0,0.0,0.0],"scale":[3.8095,3.8095,3.8095]}}}