{"textures":{"0":"modelengine:entity/almeriatroll_retextured"},"elements":[{"name":"cube","from":[7.3541603,7.3541603,7.3541603],"to":[8.484381,9.29168,8.64584],"rotation":{"angle":0.0,"axis":"x","origin":[8.02598,8.075181,8.032701]},"faces":{"down":{"uv":[11.875,8.875,11.625,9.125],"rotation":0,"texture":"#0","tintindex":0},"east":{"uv":[9.5,11.5,9.75,11.8125],"rotation":0,"texture":"#0","tintindex":0},"north":{"uv":[8.5,11.5,8.75,11.8125],"rotation":0,"texture":"#0","tintindex":0},"south":{"uv":[11.5,9.625,11.75,9.9375],"rotation":0,"texture":"#0","tintindex":0},"up":{"uv":[9.0,11.875,8.75,11.625],"rotation":0,"texture":"#0","tintindex":0},"west":{"uv":[9.75,11.5,10.0,11.8125],"rotation":0,"texture":"#0","tintindex":0}}},{"name":"cube","from":[7.4344735,8.672476,7.5963507],"to":[8.080313,10.125616,8.40365],"rotation":{"angle":22.5,"axis":"z","origin":[7.984103,9.751306,8.032701]},"faces":{"down":{"uv":[12.0625,8.25,11.875,8.4375],"rotation":0,"texture":"#0","tintindex":0},"east":{"uv":[11.0,11.75,11.1875,12.0625],"rotation":0,"texture":"#0","tintindex":0},"north":{"uv":[10.75,11.75,10.9375,12.0625],"rotation":0,"texture":"#0","tintindex":0},"south":{"uv":[11.75,11.25,11.9375,11.5625],"rotation":0,"texture":"#0","tintindex":0},"up":{"uv":[8.3125,12.0625,8.125,11.875],"rotation":0,"texture":"#0","tintindex":0},"west":{"uv":[0.0,11.875,0.1875,12.1875],"rotation":0,"texture":"#0","tintindex":0}}}],"display":{"head":{"translation":[0.0,-6.4,0.0],"rotation":[0.0,0.0,0.0],"scale":[3.8095,3.8095,3.8095]}}}