{"textures":{"0":"modelengine:entity/almeriatroll_retextured"},"elements":[{"name":"cube","from":[7.1927,7.0312395,7.1926994],"to":[8.96876,8.807301,9.130219],"rotation":{"angle":0.0,"axis":"x","origin":[8.09402,7.32248,8.61416]},"faces":{"down":{"uv":[1.625,11.625,1.375,11.9375],"rotation":0,"texture":"#0","tintindex":0},"east":{"uv":[0.0,11.625,0.3125,11.875],"rotation":0,"texture":"#0","tintindex":0},"north":{"uv":[9.0,11.625,9.25,11.875],"rotation":0,"texture":"#0","tintindex":0},"south":{"uv":[11.625,9.125,11.875,9.375],"rotation":0,"texture":"#0","tintindex":0},"up":{"uv":[1.375,11.9375,1.125,11.625],"rotation":0,"texture":"#0","tintindex":0},"west":{"uv":[0.375,11.625,0.6875,11.875],"rotation":0,"texture":"#0","tintindex":0}}}],"display":{"head":{"translation":[0.0,-6.4,0.0],"rotation":[0.0,0.0,0.0],"scale":[3.8095,3.8095,3.8095]}}}