{"textures":{"0":"modelengine:entity/almeriatroll_retextured"},"elements":[{"name":"cube","from":[7.51562,7.3541594,7.354159],"to":[8.645841,9.291679,8.64584],"rotation":{"angle":0.0,"axis":"x","origin":[8.09402,8.19518,8.152699]},"faces":{"down":{"uv":[11.875,9.375,11.625,9.625],"rotation":0,"texture":"#0","tintindex":0},"east":{"uv":[1.875,11.625,2.125,11.9375],"rotation":0,"texture":"#0","tintindex":0},"north":{"uv":[1.625,11.625,1.875,11.9375],"rotation":0,"texture":"#0","tintindex":0},"south":{"uv":[2.125,11.625,2.375,11.9375],"rotation":0,"texture":"#0","tintindex":0},"up":{"uv":[9.5,11.875,9.25,11.625],"rotation":0,"texture":"#0","tintindex":0},"west":{"uv":[2.375,11.625,2.625,11.9375],"rotation":0,"texture":"#0","tintindex":0}}},{"name":"cube","from":[7.799687,8.552475,7.5963492],"to":[8.445527,9.825615,8.403649],"rotation":{"angle":-22.5,"axis":"z","origin":[8.2558975,9.331305,7.9126997]},"faces":{"down":{"uv":[12.0625,8.5,11.875,8.6875],"rotation":0,"texture":"#0","tintindex":0},"east":{"uv":[0.5,11.875,0.6875,12.1875],"rotation":0,"texture":"#0","tintindex":0},"north":{"uv":[0.25,11.875,0.4375,12.1875],"rotation":0,"texture":"#0","tintindex":0},"south":{"uv":[2.625,11.875,2.8125,12.1875],"rotation":0,"texture":"#0","tintindex":0},"up":{"uv":[8.5625,12.0625,8.375,11.875],"rotation":0,"texture":"#0","tintindex":0},"west":{"uv":[2.875,11.875,3.0625,12.1875],"rotation":0,"texture":"#0","tintindex":0}}}],"display":{"head":{"translation":[0.0,-6.4,0.0],"rotation":[0.0,0.0,0.0],"scale":[3.8095,3.8095,3.8095]}}}