{"textures":{"0":"modelengine:entity/almeriatroll_retextured"},"elements":[{"name":"maw","from":[4.69007,3.4791188,4.28642],"to":[11.632851,6.385399,9.6146],"rotation":{"angle":0.0,"axis":"x","origin":[7.43489,-21.708641,1.3801397]},"faces":{"down":{"uv":[2.1875,6.375,1.125,7.1875],"rotation":0,"texture":"#0","tintindex":0},"east":{"uv":[9.5,0.75,10.3125,1.1875],"rotation":0,"texture":"#0","tintindex":0},"north":{"uv":[9.0,7.0,10.0625,7.4375],"rotation":0,"texture":"#0","tintindex":0},"south":{"uv":[9.25,2.375,10.3125,2.8125],"rotation":0,"texture":"#0","tintindex":0},"up":{"uv":[1.0625,7.1875,0.0,6.375],"rotation":0,"texture":"#0","tintindex":0},"west":{"uv":[5.75,9.625,6.5625,10.0625],"rotation":0,"texture":"#0","tintindex":0}}},{"name":"head","from":[5.01299,5.4166403,4.93226],"to":[11.30993,11.55212,11.87504],"rotation":{"angle":0.0,"axis":"x","origin":[7.43489,-21.708641,1.3801397]},"faces":{"down":{"uv":[4.3125,5.375,3.375,6.4375],"rotation":0,"texture":"#0","tintindex":0},"east":{"uv":[5.25,4.75,6.3125,5.6875],"rotation":0,"texture":"#0","tintindex":0},"north":{"uv":[6.125,1.25,7.0625,2.1875],"rotation":0,"texture":"#0","tintindex":0},"south":{"uv":[6.25,2.25,7.1875,3.1875],"rotation":0,"texture":"#0","tintindex":0},"up":{"uv":[3.3125,6.4375,2.375,5.375],"rotation":0,"texture":"#0","tintindex":0},"west":{"uv":[1.25,5.375,2.3125,6.3125],"rotation":0,"texture":"#0","tintindex":0}}},{"name":"starttail","from":[7.5156198,11.55212,8.64584],"to":[8.807301,12.359419,11.87504],"rotation":{"angle":0.0,"axis":"x","origin":[7.83854,-21.708641,1.3801397]},"faces":{"down":{"uv":[7.9375,9.375,7.75,9.875],"rotation":0,"texture":"#0","tintindex":0},"east":{"uv":[3.75,6.5,4.25,6.625],"rotation":0,"texture":"#0","tintindex":0},"north":{"uv":[9.75,6.875,9.9375,7.0],"rotation":0,"texture":"#0","tintindex":0},"south":{"uv":[6.25,10.125,6.4375,10.25],"rotation":0,"texture":"#0","tintindex":0},"up":{"uv":[8.8125,9.625,8.625,9.125],"rotation":0,"texture":"#0","tintindex":0},"west":{"uv":[8.0,2.125,8.5,2.25],"rotation":0,"texture":"#0","tintindex":0}}},{"name":"midtail","from":[7.59635,11.630639,11.562197],"to":[8.72657,12.276478,12.692416],"rotation":{"angle":45.0,"axis":"x","origin":[7.83854,12.001168,11.597387]},"faces":{"down":{"uv":[6.0625,11.875,5.875,12.0625],"rotation":0,"texture":"#0","tintindex":0},"east":{"uv":[10.625,7.375,10.8125,7.5],"rotation":0,"texture":"#0","tintindex":0},"north":{"uv":[7.5,10.25,7.6875,10.375],"rotation":0,"texture":"#0","tintindex":0},"south":{"uv":[8.875,10.75,9.0625,10.875],"rotation":0,"texture":"#0","tintindex":0},"up":{"uv":[5.8125,12.0625,5.625,11.875],"rotation":0,"texture":"#0","tintindex":0},"west":{"uv":[10.875,2.75,11.0625,2.875],"rotation":0,"texture":"#0","tintindex":0}}},{"name":"neck","from":[5.90102,3.9634993,8.48438],"to":[10.4219,6.546859,11.0677395],"rotation":{"angle":0.0,"axis":"x","origin":[7.5156198,-21.708641,1.3801397]},"faces":{"down":{"uv":[3.3125,10.125,2.625,10.5],"rotation":0,"texture":"#0","tintindex":0},"east":{"uv":[6.25,7.625,6.625,8.0],"rotation":0,"texture":"#0","tintindex":0},"north":{"uv":[8.5,3.75,9.1875,4.125],"rotation":0,"texture":"#0","tintindex":0},"south":{"uv":[9.875,2.0,10.5625,2.375],"rotation":0,"texture":"#0","tintindex":0},"up":{"uv":[10.5625,3.75,9.875,3.375],"rotation":0,"texture":"#0","tintindex":0},"west":{"uv":[2.625,9.375,3.0,9.75],"rotation":0,"texture":"#0","tintindex":0}}},{"name":"rightear","from":[10.9062805,9.614599,8.40365],"to":[13.207085,11.915404,8.40365],"rotation":{"angle":22.5,"axis":"z","origin":[12.056683,10.765003,8.565109]},"faces":{"down":{"uv":[9.0,11.875,8.625,11.9375],"rotation":0,"texture":"#0","tintindex":0},"east":{"uv":[6.375,5.0,6.4375,5.375],"rotation":0,"texture":"#0","tintindex":0},"north":{"uv":[10.875,7.375,11.25,7.75],"rotation":0,"texture":"#0","tintindex":0},"south":{"uv":[11.25,7.375,10.875,7.75],"rotation":0,"texture":"#0","tintindex":0},"up":{"uv":[12.25,3.6875,11.875,3.625],"rotation":0,"texture":"#0","tintindex":0},"west":{"uv":[2.125,7.25,2.1875,7.625],"rotation":0,"texture":"#0","tintindex":0}}},{"name":"leftear","from":[3.1158347,9.614599,8.40365],"to":[5.4166403,11.915404,8.40365],"rotation":{"angle":-22.5,"axis":"z","origin":[4.2662377,10.765003,8.565109]},"faces":{"down":{"uv":[12.25,8.875,11.875,8.9375],"rotation":0,"texture":"#0","tintindex":0},"east":{"uv":[7.25,5.0,7.3125,5.375],"rotation":0,"texture":"#0","tintindex":0},"north":{"uv":[10.875,8.125,11.25,8.5],"rotation":0,"texture":"#0","tintindex":0},"south":{"uv":[11.25,8.125,10.875,8.5],"rotation":0,"texture":"#0","tintindex":0},"up":{"uv":[12.25,8.8125,11.875,8.75],"rotation":0,"texture":"#0","tintindex":0},"west":{"uv":[7.25,8.0,7.3125,8.375],"rotation":0,"texture":"#0","tintindex":0}}},{"name":"righttooth","from":[9.45314,5.9413843,4.6093397],"to":[10.4219,6.869779,6.22394],"rotation":{"angle":0.0,"axis":"x","origin":[9.937521,6.4055815,5.41664]},"faces":{"down":{"uv":[5.25,5.375,5.125,5.625],"rotation":0,"texture":"#0","tintindex":0},"east":{"uv":[1.25,5.25,1.5,5.375],"rotation":0,"texture":"#0","tintindex":0},"north":{"uv":[5.125,5.625,5.25,5.75],"rotation":0,"texture":"#0","tintindex":0},"south":{"uv":[2.25,6.375,2.375,6.5],"rotation":0,"texture":"#0","tintindex":0},"up":{"uv":[5.0,2.75,4.875,2.5],"rotation":0,"texture":"#0","tintindex":0},"west":{"uv":[4.25,7.875,4.5,8.0],"rotation":0,"texture":"#0","tintindex":0}}},{"name":"righttooth","from":[5.90102,5.9413843,4.6093397],"to":[6.8697796,6.869779,6.22394],"rotation":{"angle":0.0,"axis":"x","origin":[8.807301,-25.260761,2.3488998]},"faces":{"down":{"uv":[6.5,4.75,6.375,5.0],"rotation":0,"texture":"#0","tintindex":0},"east":{"uv":[8.375,0.875,8.625,1.0],"rotation":0,"texture":"#0","tintindex":0},"north":{"uv":[6.375,5.375,6.5,5.5],"rotation":0,"texture":"#0","tintindex":0},"south":{"uv":[4.25,6.5,4.375,6.625],"rotation":0,"texture":"#0","tintindex":0},"up":{"uv":[6.25,2.5,6.125,2.25],"rotation":0,"texture":"#0","tintindex":0},"west":{"uv":[8.75,7.375,9.0,7.5],"rotation":0,"texture":"#0","tintindex":0}}},{"name":"nose","from":[7.1927,7.83854,3.9634998],"to":[9.130219,9.291679,5.90102],"rotation":{"angle":0.0,"axis":"x","origin":[7.5156198,7.0312395,1.3801397]},"faces":{"down":{"uv":[11.5625,8.25,11.25,8.5625],"rotation":0,"texture":"#0","tintindex":0},"east":{"uv":[11.375,2.5,11.6875,2.75],"rotation":0,"texture":"#0","tintindex":0},"north":{"uv":[11.375,2.25,11.6875,2.5],"rotation":0,"texture":"#0","tintindex":0},"south":{"uv":[3.0,11.375,3.3125,11.625],"rotation":0,"texture":"#0","tintindex":0},"up":{"uv":[11.5625,8.1875,11.25,7.875],"rotation":0,"texture":"#0","tintindex":0},"west":{"uv":[3.375,11.375,3.6875,11.625],"rotation":0,"texture":"#0","tintindex":0}}}],"display":{"head":{"translation":[0.0,-6.4,0.0],"rotation":[0.0,0.0,0.0],"scale":[3.8095,3.8095,3.8095]}}}