{"textures":{"0":"modelengine:entity/almeriatroll_retextured"},"elements":[{"name":"cube","from":[2.3489003,4.1249595,4.93226],"to":[8.32292,6.546861,10.74482],"rotation":{"angle":0.0,"axis":"x","origin":[13.32818,-17.34922,1.5415998]},"faces":{"down":{"uv":[8.25,6.75,7.375,7.625],"rotation":0,"texture":"#0","tintindex":0},"east":{"uv":[2.625,9.75,3.5,10.125],"rotation":0,"texture":"#0","tintindex":0},"north":{"uv":[0.75,9.75,1.625,10.125],"rotation":0,"texture":"#0","tintindex":0},"south":{"uv":[9.75,3.75,10.625,4.125],"rotation":0,"texture":"#0","tintindex":0},"up":{"uv":[8.25,6.75,7.375,5.875],"rotation":0,"texture":"#0","tintindex":0},"west":{"uv":[9.75,4.125,10.625,4.5],"rotation":0,"texture":"#0","tintindex":0}}},{"name":"cube","from":[2.8415606,-1.2032199,5.58638],"to":[6.8615,4.75424,10.0907],"rotation":{"angle":0.0,"axis":"x","origin":[13.32818,-17.34922,1.5415998]},"faces":{"down":{"uv":[8.875,8.25,8.125,9.0625],"rotation":0,"texture":"#0","tintindex":0},"east":{"uv":[7.125,1.25,7.9375,2.25],"rotation":0,"texture":"#0","tintindex":0},"north":{"uv":[2.875,7.625,3.625,8.625],"rotation":0,"texture":"#0","tintindex":0},"south":{"uv":[7.375,7.625,8.125,8.625],"rotation":0,"texture":"#0","tintindex":0},"up":{"uv":[9.0,7.3125,8.25,6.5],"rotation":0,"texture":"#0","tintindex":0},"west":{"uv":[0.0,7.25,0.8125,8.25],"rotation":0,"texture":"#0","tintindex":0}}},{"name":"cube","from":[2.5103605,-0.07299924,5.25518],"to":[7.1927004,6.5468607,10.421901],"rotation":{"angle":0.0,"axis":"x","origin":[13.32818,-17.34922,1.5415998]},"faces":{"down":{"uv":[8.875,8.25,8.125,9.0625],"rotation":0,"texture":"#0","tintindex":0},"east":{"uv":[7.125,1.25,7.9375,2.25],"rotation":0,"texture":"#0","tintindex":0},"north":{"uv":[2.875,7.625,3.625,8.625],"rotation":0,"texture":"#0","tintindex":0},"south":{"uv":[7.375,7.625,8.125,8.625],"rotation":0,"texture":"#0","tintindex":0},"up":{"uv":[9.0,7.3125,8.25,6.5],"rotation":0,"texture":"#0","tintindex":0},"west":{"uv":[0.0,7.25,0.8125,8.25],"rotation":0,"texture":"#0","tintindex":0}}}],"display":{"head":{"translation":[0.0,-6.4,0.0],"rotation":[0.0,0.0,0.0],"scale":[3.8095,3.8095,3.8095]}}}