{"textures":{"0":"modelengine:entity/almeriatroll_retextured"},"elements":[{"name":"forearm","from":[5.90102,0.8957598,6.06248],"to":[9.937521,8.322921,10.58336],"rotation":{"angle":0.0,"axis":"x","origin":[16.39592,-14.442941,2.0259795]},"faces":{"down":{"uv":[3.6875,9.0,3.0,9.75],"rotation":0,"texture":"#0","tintindex":0},"east":{"uv":[5.875,5.75,6.625,6.9375],"rotation":0,"texture":"#0","tintindex":0},"north":{"uv":[6.625,6.75,7.3125,7.9375],"rotation":0,"texture":"#0","tintindex":0},"south":{"uv":[6.875,0.0,7.5625,1.1875],"rotation":0,"texture":"#0","tintindex":0},"up":{"uv":[1.4375,9.75,0.75,9.0],"rotation":0,"texture":"#0","tintindex":0},"west":{"uv":[6.125,0.0,6.875,1.1875],"rotation":0,"texture":"#0","tintindex":0}}},{"name":"lefthand","from":[5.6588297,-2.89855,5.8202896],"to":[10.17971,1.2994107,10.82555],"rotation":{"angle":0.0,"axis":"x","origin":[16.39592,-14.442941,2.0259795]},"faces":{"down":{"uv":[9.25,2.125,8.5,2.9375],"rotation":0,"texture":"#0","tintindex":0},"east":{"uv":[2.125,8.625,2.9375,9.3125],"rotation":0,"texture":"#0","tintindex":0},"north":{"uv":[9.0,4.75,9.75,5.4375],"rotation":0,"texture":"#0","tintindex":0},"south":{"uv":[9.0,5.5,9.75,6.1875],"rotation":0,"texture":"#0","tintindex":0},"up":{"uv":[9.125,0.8125,8.375,0.0],"rotation":0,"texture":"#0","tintindex":0},"west":{"uv":[4.25,8.625,5.0625,9.3125],"rotation":0,"texture":"#0","tintindex":0}}}],"display":{"head":{"translation":[0.0,-6.4,0.0],"rotation":[0.0,0.0,0.0],"scale":[3.8095,3.8095,3.8095]}}}