{"textures":{"0":"modelengine:entity/almeriatroll_retextured"},"elements":[{"name":"cube","from":[5.6588297,5.7425337,3.7084725],"to":[10.341169,8.487354,8.390813],"rotation":{"angle":0.0,"axis":"x","origin":[10.341169,5.7425337,2.9011729]},"faces":{"down":{"uv":[9.8125,0.0,9.125,0.6875],"rotation":0,"texture":"#0","tintindex":0},"east":{"uv":[3.5,9.875,4.1875,10.3125],"rotation":0,"texture":"#0","tintindex":0},"north":{"uv":[9.875,2.875,10.5625,3.3125],"rotation":0,"texture":"#0","tintindex":0},"south":{"uv":[7.75,9.875,8.4375,10.3125],"rotation":0,"texture":"#0","tintindex":0},"up":{"uv":[0.6875,9.8125,0.0,9.125],"rotation":0,"texture":"#0","tintindex":0},"west":{"uv":[9.875,9.75,10.5625,10.1875],"rotation":0,"texture":"#0","tintindex":0}}},{"name":"cube","from":[5.860655,5.8041496,2.4108598],"to":[7.636715,7.41875,3.7025397],"rotation":{"angle":0.0,"axis":"x","origin":[10.341169,5.8041496,2.8952396]},"faces":{"down":{"uv":[5.125,11.875,4.875,12.0625],"rotation":0,"texture":"#0","tintindex":0},"east":{"uv":[11.875,4.375,12.0625,4.625],"rotation":0,"texture":"#0","tintindex":0},"north":{"uv":[2.625,11.625,2.875,11.875],"rotation":0,"texture":"#0","tintindex":0},"south":{"uv":[2.875,11.625,3.125,11.875],"rotation":0,"texture":"#0","tintindex":0},"up":{"uv":[12.125,4.8125,11.875,4.625],"rotation":0,"texture":"#0","tintindex":0},"west":{"uv":[4.625,11.875,4.8125,12.125],"rotation":0,"texture":"#0","tintindex":0}}},{"name":"cube","from":[8.363285,5.8041496,2.4108598],"to":[10.139345,7.41875,3.7025397],"rotation":{"angle":0.0,"axis":"x","origin":[10.341169,5.8041496,2.8952396]},"faces":{"down":{"uv":[5.625,11.875,5.375,12.0625],"rotation":0,"texture":"#0","tintindex":0},"east":{"uv":[11.875,4.875,12.0625,5.125],"rotation":0,"texture":"#0","tintindex":0},"north":{"uv":[3.125,11.625,3.375,11.875],"rotation":0,"texture":"#0","tintindex":0},"south":{"uv":[3.375,11.625,3.625,11.875],"rotation":0,"texture":"#0","tintindex":0},"up":{"uv":[12.125,5.3125,11.875,5.125],"rotation":0,"texture":"#0","tintindex":0},"west":{"uv":[5.125,11.875,5.3125,12.125],"rotation":0,"texture":"#0","tintindex":0}}}],"display":{"head":{"translation":[0.0,-6.4,0.0],"rotation":[0.0,0.0,0.0],"scale":[3.8095,3.8095,3.8095]}}}