{"textures":{"0":"modelengine:entity/almeriatroll_retextured"},"elements":[{"name":"cube","from":[6.30467,6.7083187,7.1927],"to":[9.69533,9.291679,10.421901],"rotation":{"angle":0.0,"axis":"x","origin":[7.11197,-12.182501,6.86978]},"faces":{"down":{"uv":[10.3125,4.5,9.75,5.0625],"rotation":0,"texture":"#0","tintindex":0},"east":{"uv":[10.25,10.25,10.8125,10.6875],"rotation":0,"texture":"#0","tintindex":0},"north":{"uv":[9.625,10.25,10.1875,10.6875],"rotation":0,"texture":"#0","tintindex":0},"south":{"uv":[0.0,10.375,0.5625,10.8125],"rotation":0,"texture":"#0","tintindex":0},"up":{"uv":[7.1875,10.1875,6.625,9.625],"rotation":0,"texture":"#0","tintindex":0},"west":{"uv":[10.375,0.75,10.9375,1.1875],"rotation":0,"texture":"#0","tintindex":0}}},{"name":"cube","from":[6.7890496,6.0624785,7.67708],"to":[9.21095,7.6770797,9.130219],"rotation":{"angle":0.0,"axis":"x","origin":[7.11197,-12.182501,6.86978]},"faces":{"down":{"uv":[5.25,10.75,4.75,11.125],"rotation":0,"texture":"#0","tintindex":0},"east":{"uv":[5.875,11.125,6.25,11.5],"rotation":0,"texture":"#0","tintindex":0},"north":{"uv":[10.625,9.5,11.125,9.875],"rotation":0,"texture":"#0","tintindex":0},"south":{"uv":[10.625,9.875,11.125,10.25],"rotation":0,"texture":"#0","tintindex":0},"up":{"uv":[4.75,11.125,4.25,10.75],"rotation":0,"texture":"#0","tintindex":0},"west":{"uv":[6.25,11.125,6.625,11.5],"rotation":0,"texture":"#0","tintindex":0}}}],"display":{"head":{"translation":[0.0,-6.4,0.0],"rotation":[0.0,0.0,0.0],"scale":[3.8095,3.8095,3.8095]}}}