{"textures":{"0":"modelengine:entity/almeriatroll_retextured"},"elements":[{"name":"cube","from":[5.8683195,6.01496,2.7151704],"to":[10.06628,10.21292,7.8818903],"rotation":{"angle":0.0,"axis":"x","origin":[7.16,9.89,16.52]},"faces":{"down":{"uv":[9.5625,10.25,9.125,10.8125],"rotation":0,"texture":"#0","tintindex":0},"east":{"uv":[6.25,10.25,6.8125,10.6875],"rotation":0,"texture":"#0","tintindex":0},"north":{"uv":[10.625,0.0,11.0625,0.4375],"rotation":0,"texture":"#0","tintindex":0},"south":{"uv":[10.625,1.5,11.0625,1.9375],"rotation":0,"texture":"#0","tintindex":0},"up":{"uv":[2.5625,10.8125,2.125,10.25],"rotation":0,"texture":"#0","tintindex":0},"west":{"uv":[6.875,10.25,7.4375,10.6875],"rotation":0,"texture":"#0","tintindex":0}}}],"display":{"head":{"translation":[0.0,-6.4,0.0],"rotation":[0.0,0.0,0.0],"scale":[3.8095,3.8095,3.8095]}}}