{"textures":{"0":"modelengine:entity/almeriatroll_retextured"},"elements":[{"name":"forearm","from":[6.06248,0.8957598,6.06248],"to":[10.09898,8.322921,10.58336],"rotation":{"angle":0.0,"axis":"x","origin":[-0.39592052,-14.442941,2.0259795]},"faces":{"down":{"uv":[7.9375,8.625,7.25,9.375],"rotation":0,"texture":"#0","tintindex":0},"east":{"uv":[4.375,5.375,5.125,6.5625],"rotation":0,"texture":"#0","tintindex":0},"north":{"uv":[3.75,6.625,4.4375,7.8125],"rotation":0,"texture":"#0","tintindex":0},"south":{"uv":[6.625,5.5,7.3125,6.6875],"rotation":0,"texture":"#0","tintindex":0},"up":{"uv":[5.8125,9.375,5.125,8.625],"rotation":0,"texture":"#0","tintindex":0},"west":{"uv":[5.125,5.75,5.875,6.9375],"rotation":0,"texture":"#0","tintindex":0}}},{"name":"righthand","from":[5.8202896,-2.89855,5.8202896],"to":[10.341171,1.2994107,10.82555],"rotation":{"angle":0.0,"axis":"x","origin":[-0.39592052,-14.442941,2.0259795]},"faces":{"down":{"uv":[9.0,5.625,8.25,6.4375],"rotation":0,"texture":"#0","tintindex":0},"east":{"uv":[8.5,3.0,9.3125,3.6875],"rotation":0,"texture":"#0","tintindex":0},"north":{"uv":[5.875,8.875,6.625,9.5625],"rotation":0,"texture":"#0","tintindex":0},"south":{"uv":[8.875,8.25,9.625,8.9375],"rotation":0,"texture":"#0","tintindex":0},"up":{"uv":[9.0,5.5625,8.25,4.75],"rotation":0,"texture":"#0","tintindex":0},"west":{"uv":[8.625,0.875,9.4375,1.5625],"rotation":0,"texture":"#0","tintindex":0}}}],"display":{"head":{"translation":[0.0,-6.4,0.0],"rotation":[0.0,0.0,0.0],"scale":[3.8095,3.8095,3.8095]}}}