{"textures":{"0":"modelengine:entity/almeriatroll_retextured"},"elements":[{"name":"cube","from":[6.0221148,5.8041496,2.7337794],"to":[7.7981753,7.41875,4.0254593],"rotation":{"angle":0.0,"axis":"x","origin":[5.82029,5.8041496,3.2181592]},"faces":{"down":{"uv":[5.375,11.875,5.625,12.0625],"rotation":0,"texture":"#0","tintindex":0},"east":{"uv":[5.3125,11.875,5.125,12.125],"rotation":0,"texture":"#0","tintindex":0},"north":{"uv":[3.375,11.625,3.125,11.875],"rotation":0,"texture":"#0","tintindex":0},"south":{"uv":[3.625,11.625,3.375,11.875],"rotation":0,"texture":"#0","tintindex":0},"up":{"uv":[11.875,5.3125,12.125,5.125],"rotation":0,"texture":"#0","tintindex":0},"west":{"uv":[12.0625,4.875,11.875,5.125],"rotation":0,"texture":"#0","tintindex":0}}},{"name":"cube","from":[5.82029,5.7425337,4.031392],"to":[10.50263,8.487354,8.713733],"rotation":{"angle":0.0,"axis":"x","origin":[5.82029,5.7425337,3.2240922]},"faces":{"down":{"uv":[9.125,0.0,9.8125,0.6875],"rotation":0,"texture":"#0","tintindex":0},"east":{"uv":[10.5625,9.75,9.875,10.1875],"rotation":0,"texture":"#0","tintindex":0},"north":{"uv":[10.5625,2.875,9.875,3.3125],"rotation":0,"texture":"#0","tintindex":0},"south":{"uv":[8.4375,9.875,7.75,10.3125],"rotation":0,"texture":"#0","tintindex":0},"up":{"uv":[0.0,9.8125,0.6875,9.125],"rotation":0,"texture":"#0","tintindex":0},"west":{"uv":[4.1875,9.875,3.5,10.3125],"rotation":0,"texture":"#0","tintindex":0}}},{"name":"cube","from":[8.524745,5.8041496,2.7337794],"to":[10.300805,7.41875,4.0254593],"rotation":{"angle":0.0,"axis":"x","origin":[5.82029,5.8041496,3.2181592]},"faces":{"down":{"uv":[4.875,11.875,5.125,12.0625],"rotation":0,"texture":"#0","tintindex":0},"east":{"uv":[4.8125,11.875,4.625,12.125],"rotation":0,"texture":"#0","tintindex":0},"north":{"uv":[2.875,11.625,2.625,11.875],"rotation":0,"texture":"#0","tintindex":0},"south":{"uv":[3.125,11.625,2.875,11.875],"rotation":0,"texture":"#0","tintindex":0},"up":{"uv":[11.875,4.8125,12.125,4.625],"rotation":0,"texture":"#0","tintindex":0},"west":{"uv":[12.0625,4.375,11.875,4.625],"rotation":0,"texture":"#0","tintindex":0}}}],"display":{"head":{"translation":[0.0,-6.4,0.0],"rotation":[0.0,0.0,0.0],"scale":[3.8095,3.8095,3.8095]}}}