{"textures":{"0":"modelengine:entity/almeriatroll_retextured"},"elements":[{"name":"cube","from":[7.0312395,7.0312395,7.1927],"to":[8.807301,8.807301,9.13022],"rotation":{"angle":0.0,"axis":"x","origin":[2.0259795,6.0624785,7.3541603]},"faces":{"down":{"uv":[11.625,6.375,11.375,6.6875],"rotation":0,"texture":"#0","tintindex":0},"east":{"uv":[11.375,5.5,11.6875,5.75],"rotation":0,"texture":"#0","tintindex":0},"north":{"uv":[11.625,4.875,11.875,5.125],"rotation":0,"texture":"#0","tintindex":0},"south":{"uv":[11.625,5.125,11.875,5.375],"rotation":0,"texture":"#0","tintindex":0},"up":{"uv":[11.625,6.3125,11.375,6.0],"rotation":0,"texture":"#0","tintindex":0},"west":{"uv":[11.375,5.75,11.6875,6.0],"rotation":0,"texture":"#0","tintindex":0}}}],"display":{"head":{"translation":[0.0,-6.4,0.0],"rotation":[0.0,0.0,0.0],"scale":[3.8095,3.8095,3.8095]}}}