{"textures":{"0":"modelengine:entity/almeriatroll_retextured"},"elements":[{"name":"cube","from":[7.354159,7.354159,7.3541603],"to":[8.48438,9.291679,8.64584],"rotation":{"angle":0.0,"axis":"x","origin":[2.025979,5.2551804,7.1927]},"faces":{"down":{"uv":[11.875,6.75,11.625,7.0],"rotation":0,"texture":"#0","tintindex":0},"east":{"uv":[11.5,1.75,11.75,2.0625],"rotation":0,"texture":"#0","tintindex":0},"north":{"uv":[11.5,1.375,11.75,1.6875],"rotation":0,"texture":"#0","tintindex":0},"south":{"uv":[11.5,2.75,11.75,3.0625],"rotation":0,"texture":"#0","tintindex":0},"up":{"uv":[6.875,11.875,6.625,11.625],"rotation":0,"texture":"#0","tintindex":0},"west":{"uv":[11.5,3.125,11.75,3.4375],"rotation":0,"texture":"#0","tintindex":0}}},{"name":"cube","from":[7.3223195,8.533243,7.59635],"to":[7.968159,9.986382,8.40365],"rotation":{"angle":22.5,"axis":"z","origin":[7.5252395,9.859814,8.0]},"faces":{"down":{"uv":[12.0625,7.75,11.875,7.9375],"rotation":0,"texture":"#0","tintindex":0},"east":{"uv":[11.75,5.375,11.9375,5.6875],"rotation":0,"texture":"#0","tintindex":0},"north":{"uv":[4.125,11.75,4.3125,12.0625],"rotation":0,"texture":"#0","tintindex":0},"south":{"uv":[6.25,11.75,6.4375,12.0625],"rotation":0,"texture":"#0","tintindex":0},"up":{"uv":[7.1875,12.0625,7.0,11.875],"rotation":0,"texture":"#0","tintindex":0},"west":{"uv":[11.75,7.0,11.9375,7.3125],"rotation":0,"texture":"#0","tintindex":0}}}],"display":{"head":{"translation":[0.0,-6.4,0.0],"rotation":[0.0,0.0,0.0],"scale":[3.8095,3.8095,3.8095]}}}