{"textures":{"0":"modelengine:entity/almeriatroll_retextured"},"elements":[{"name":"cube","from":[7.354159,7.354159,7.3541603],"to":[8.48438,9.291679,8.64584],"rotation":{"angle":0.0,"axis":"x","origin":[2.025979,5.2551804,7.1927]},"faces":{"down":{"uv":[11.875,4.625,11.625,4.875],"rotation":0,"texture":"#0","tintindex":0},"east":{"uv":[0.5,10.875,0.75,11.1875],"rotation":0,"texture":"#0","tintindex":0},"north":{"uv":[5.5,10.25,5.75,10.5625],"rotation":0,"texture":"#0","tintindex":0},"south":{"uv":[5.0,11.125,5.25,11.4375],"rotation":0,"texture":"#0","tintindex":0},"up":{"uv":[11.875,4.625,11.625,4.375],"rotation":0,"texture":"#0","tintindex":0},"west":{"uv":[11.375,4.375,11.625,4.6875],"rotation":0,"texture":"#0","tintindex":0}}},{"name":"cube","from":[7.4344726,8.492475,7.59635],"to":[8.080313,9.945614,8.40365],"rotation":{"angle":22.5,"axis":"z","origin":[7.877393,9.579044,8.0]},"faces":{"down":{"uv":[12.0625,6.5,11.875,6.6875],"rotation":0,"texture":"#0","tintindex":0},"east":{"uv":[11.75,1.125,11.9375,1.4375],"rotation":0,"texture":"#0","tintindex":0},"north":{"uv":[11.75,0.75,11.9375,1.0625],"rotation":0,"texture":"#0","tintindex":0},"south":{"uv":[11.75,1.5,11.9375,1.8125],"rotation":0,"texture":"#0","tintindex":0},"up":{"uv":[6.6875,12.0625,6.5,11.875],"rotation":0,"texture":"#0","tintindex":0},"west":{"uv":[11.75,1.875,11.9375,2.1875],"rotation":0,"texture":"#0","tintindex":0}}}],"display":{"head":{"translation":[0.0,-6.4,0.0],"rotation":[0.0,0.0,0.0],"scale":[3.8095,3.8095,3.8095]}}}