{"textures":{"0":"modelengine:entity/almeriatroll_retextured"},"elements":[{"name":"cube","from":[7.3541594,7.354159,7.3541594],"to":[8.484381,9.291679,8.645841],"rotation":{"angle":0.0,"axis":"x","origin":[2.0259795,5.255178,7.1927]},"faces":{"down":{"uv":[11.875,6.0,11.625,6.25],"rotation":0,"texture":"#0","tintindex":0},"east":{"uv":[7.375,11.375,7.625,11.6875],"rotation":0,"texture":"#0","tintindex":0},"north":{"uv":[11.375,6.75,11.625,7.0625],"rotation":0,"texture":"#0","tintindex":0},"south":{"uv":[10.875,11.375,11.125,11.6875],"rotation":0,"texture":"#0","tintindex":0},"up":{"uv":[5.5,11.875,5.25,11.625],"rotation":0,"texture":"#0","tintindex":0},"west":{"uv":[11.125,11.375,11.375,11.6875],"rotation":0,"texture":"#0","tintindex":0}}},{"name":"cube","from":[7.3563495,8.689489,7.59635],"to":[8.00219,10.142628,8.40365],"rotation":{"angle":22.5,"axis":"z","origin":[7.91927,9.776059,8.0]},"faces":{"down":{"uv":[12.0625,6.75,11.875,6.9375],"rotation":0,"texture":"#0","tintindex":0},"east":{"uv":[11.75,2.625,11.9375,2.9375],"rotation":0,"texture":"#0","tintindex":0},"north":{"uv":[11.75,2.25,11.9375,2.5625],"rotation":0,"texture":"#0","tintindex":0},"south":{"uv":[11.75,3.0,11.9375,3.3125],"rotation":0,"texture":"#0","tintindex":0},"up":{"uv":[6.9375,12.0625,6.75,11.875],"rotation":0,"texture":"#0","tintindex":0},"west":{"uv":[11.75,3.75,11.9375,4.0625],"rotation":0,"texture":"#0","tintindex":0}}}],"display":{"head":{"translation":[0.0,-6.4,0.0],"rotation":[0.0,0.0,0.0],"scale":[3.8095,3.8095,3.8095]}}}