{"textures":{"0":"modelengine:entity/demoniactrollbis","1":"modelengine:entity/jupefront","2":"modelengine:entity/jupeback"},"elements":[{"name":"cube","from":[6.627756,6.8157487,14.03294],"to":[8.787756,8.975749,16.19294],"rotation":{"angle":0.0,"axis":"x","origin":[-0.5087044,-0.30931163,1.6399995]},"faces":{"down":{"uv":[7.75,9.25,7.5,9.5],"rotation":0,"texture":"#0","tintindex":0},"east":{"uv":[9.25,3.3125,9.5,3.5625],"rotation":0,"texture":"#0","tintindex":0},"north":{"uv":[3.1875,9.25,3.4375,9.5],"rotation":0,"texture":"#0","tintindex":0},"south":{"uv":[3.4375,9.25,3.6875,9.5],"rotation":0,"texture":"#0","tintindex":0},"up":{"uv":[9.5,5.5,9.25,5.25],"rotation":0,"texture":"#0","tintindex":0},"west":{"uv":[9.25,4.625,9.5,4.875],"rotation":0,"texture":"#0","tintindex":0}}},{"name":"cube","from":[6.339756,7.5357485,14.75294],"to":[9.075756,8.255749,15.4729395],"rotation":{"angle":0.0,"axis":"x","origin":[-0.5087044,-0.30931163,1.6399995]},"faces":{"down":{"uv":[9.625,4.4375,9.1875,4.625],"rotation":0,"texture":"#0","tintindex":0},"east":{"uv":[9.5,6.5,9.6875,6.6875],"rotation":0,"texture":"#0","tintindex":0},"north":{"uv":[0.9375,9.1875,1.375,9.375],"rotation":0,"texture":"#0","tintindex":0},"south":{"uv":[1.375,9.1875,1.8125,9.375],"rotation":0,"texture":"#0","tintindex":0},"up":{"uv":[2.25,9.375,1.8125,9.1875],"rotation":0,"texture":"#0","tintindex":0},"west":{"uv":[6.5625,9.5,6.75,9.6875],"rotation":0,"texture":"#0","tintindex":0}}},{"name":"cube","from":[7.347756,6.527748,14.75294],"to":[8.139755,9.263748,15.4729395],"rotation":{"angle":0.0,"axis":"x","origin":[-0.5087044,-0.30931163,1.6399995]},"faces":{"down":{"uv":[9.6875,6.875,9.5,7.0625],"rotation":0,"texture":"#0","tintindex":0},"east":{"uv":[2.75,9.0,2.9375,9.4375],"rotation":0,"texture":"#0","tintindex":0},"north":{"uv":[6.25,0.875,6.4375,1.3125],"rotation":0,"texture":"#0","tintindex":0},"south":{"uv":[4.5625,9.1875,4.75,9.625],"rotation":0,"texture":"#0","tintindex":0},"up":{"uv":[9.6875,6.875,9.5,6.6875],"rotation":0,"texture":"#0","tintindex":0},"west":{"uv":[4.75,9.1875,4.9375,9.625],"rotation":0,"texture":"#0","tintindex":0}}},{"name":"cube","from":[6.9157557,7.1037483,-12.103061],"to":[8.355757,8.543749,14.82494],"rotation":{"angle":0.0,"axis":"x","origin":[-0.5087044,-0.30931163,1.6399995]},"faces":{"down":{"uv":[1.4375,5.5625,1.3125,8.375],"rotation":0,"texture":"#0","tintindex":0},"east":{"uv":[5.625,4.4375,8.4375,4.5625],"rotation":0,"texture":"#0","tintindex":0},"north":{"uv":[9.75,8.125,9.875,8.25],"rotation":0,"texture":"#0","tintindex":0},"south":{"uv":[8.1875,9.75,8.3125,9.875],"rotation":0,"texture":"#0","tintindex":0},"up":{"uv":[1.3125,8.375,1.1875,5.5625],"rotation":0,"texture":"#0","tintindex":0},"west":{"uv":[5.75,0.0,8.5625,0.125],"rotation":0,"texture":"#0","tintindex":0}}},{"name":"cube","from":[6.6997557,6.8877487,3.4489393],"to":[8.715755,8.9037485,12.664939],"rotation":{"angle":0.0,"axis":"x","origin":[-0.5087044,-0.30931163,1.6399995]},"faces":{"down":{"uv":[6.9375,6.9375,6.6875,7.9375],"rotation":0,"texture":"#0","tintindex":0},"east":{"uv":[6.875,5.5,7.875,5.75],"rotation":0,"texture":"#0","tintindex":0},"north":{"uv":[9.25,8.75,9.5,9.0],"rotation":0,"texture":"#0","tintindex":0},"south":{"uv":[9.25,9.0,9.5,9.25],"rotation":0,"texture":"#0","tintindex":0},"up":{"uv":[6.6875,7.9375,6.4375,6.9375],"rotation":0,"texture":"#0","tintindex":0},"west":{"uv":[6.9375,1.4375,7.9375,1.6875],"rotation":0,"texture":"#0","tintindex":0}}},{"name":"cube","from":[6.627756,6.8157487,-10.663061],"to":[8.787756,8.975749,-3.0310612],"rotation":{"angle":0.0,"axis":"x","origin":[-0.5087044,-0.30931163,1.6399995]},"faces":{"down":{"uv":[6.4375,7.3125,6.1875,8.125],"rotation":0,"texture":"#0","tintindex":0},"east":{"uv":[7.4375,3.8125,8.25,4.0625],"rotation":0,"texture":"#0","tintindex":0},"north":{"uv":[9.25,9.25,9.5,9.5],"rotation":0,"texture":"#0","tintindex":0},"south":{"uv":[9.3125,0.0,9.5625,0.25],"rotation":0,"texture":"#0","tintindex":0},"up":{"uv":[3.875,8.125,3.625,7.3125],"rotation":0,"texture":"#0","tintindex":0},"west":{"uv":[7.4375,4.0625,8.25,4.3125],"rotation":0,"texture":"#0","tintindex":0}}},{"name":"cube","from":[6.123756,6.3117485,-9.151062],"to":[9.291756,9.479749,-4.47106],"rotation":{"angle":0.0,"axis":"x","origin":[-0.5087044,-0.30931163,1.6399995]},"faces":{"down":{"uv":[0.9375,9.1875,0.6875,9.5625],"rotation":0,"texture":"#0","tintindex":0},"east":{"uv":[8.4375,9.125,8.8125,9.375],"rotation":0,"texture":"#0","tintindex":0},"north":{"uv":[9.3125,3.8125,9.5625,4.0625],"rotation":0,"texture":"#0","tintindex":0},"south":{"uv":[9.3125,4.0625,9.5625,4.3125],"rotation":0,"texture":"#0","tintindex":0},"up":{"uv":[4.5625,9.5,4.3125,9.125],"rotation":0,"texture":"#0","tintindex":0},"west":{"uv":[9.125,8.5,9.5,8.75],"rotation":0,"texture":"#0","tintindex":0}}},{"name":"cube","from":[7.347756,8.615749,-10.087061],"to":[8.067756,15.023749,-3.5350614],"rotation":{"angle":0.0,"axis":"x","origin":[6.9157557,8.759748,6.97694]},"faces":{"down":{"uv":[4.6875,8.0,4.5,8.8125],"rotation":0,"texture":"#0","tintindex":0},"east":{"uv":[3.375,1.6875,4.1875,2.5],"rotation":0,"texture":"#0","tintindex":0},"north":{"uv":[1.0,6.25,1.1875,7.0625],"rotation":0,"texture":"#0","tintindex":0},"south":{"uv":[3.4375,7.8125,3.625,8.625],"rotation":0,"texture":"#0","tintindex":0},"up":{"uv":[0.8125,8.75,0.625,7.9375],"rotation":0,"texture":"#0","tintindex":0},"west":{"uv":[0.875,3.4375,1.6875,4.25],"rotation":0,"texture":"#0","tintindex":0}}},{"name":"cube","from":[6.8077564,9.659748,-7.747061],"to":[8.607756,13.907749,-5.8030605],"rotation":{"angle":0.0,"axis":"x","origin":[6.9157557,8.759748,6.97694]},"faces":{"down":{"uv":[9.5625,1.4375,9.3125,1.6875],"rotation":0,"texture":"#0","tintindex":0},"east":{"uv":[4.4375,6.25,4.6875,6.75],"rotation":0,"texture":"#0","tintindex":0},"north":{"uv":[5.6875,1.3125,5.9375,1.8125],"rotation":0,"texture":"#0","tintindex":0},"south":{"uv":[8.3125,6.25,8.5625,6.75],"rotation":0,"texture":"#0","tintindex":0},"up":{"uv":[9.5625,1.4375,9.3125,1.1875],"rotation":0,"texture":"#0","tintindex":0},"west":{"uv":[8.3125,7.25,8.5625,7.75],"rotation":0,"texture":"#0","tintindex":0}}},{"name":"cube","from":[6.771756,9.047749,-9.58306],"to":[8.643756,10.919748,-4.0390615],"rotation":{"angle":0.0,"axis":"x","origin":[6.9157557,8.759748,6.97694]},"faces":{"down":{"uv":[0.625,7.9375,0.375,8.5625],"rotation":0,"texture":"#0","tintindex":0},"east":{"uv":[8.0,7.0,8.625,7.25],"rotation":0,"texture":"#0","tintindex":0},"north":{"uv":[9.3125,0.25,9.5625,0.5],"rotation":0,"texture":"#0","tintindex":0},"south":{"uv":[9.3125,0.9375,9.5625,1.1875],"rotation":0,"texture":"#0","tintindex":0},"up":{"uv":[3.4375,8.4375,3.1875,7.8125],"rotation":0,"texture":"#0","tintindex":0},"west":{"uv":[7.5625,8.0,8.1875,8.25],"rotation":0,"texture":"#0","tintindex":0}}},{"name":"cube","from":[7.347756,0.78200436,-10.087061],"to":[8.067756,7.190005,-3.5350614],"rotation":{"angle":0.0,"axis":"x","origin":[-0.5087044,-0.30931163,1.6399995]},"faces":{"down":{"uv":[5.0625,8.0625,4.875,8.875],"rotation":0,"texture":"#0","tintindex":0},"east":{"uv":[1.6875,3.4375,2.5,4.25],"rotation":0,"texture":"#0","tintindex":0},"north":{"uv":[4.6875,8.0,4.875,8.8125],"rotation":0,"texture":"#0","tintindex":0},"south":{"uv":[0.8125,8.0625,1.0,8.875],"rotation":0,"texture":"#0","tintindex":0},"up":{"uv":[1.1875,8.875,1.0,8.0625],"rotation":0,"texture":"#0","tintindex":0},"west":{"uv":[2.5,3.4375,3.3125,4.25],"rotation":0,"texture":"#0","tintindex":0}}},{"name":"cube","from":[6.8077564,1.8980043,-7.747061],"to":[8.607756,6.1460047,-5.8030605],"rotation":{"angle":0.0,"axis":"x","origin":[-0.5087044,7.046028,1.6399995]},"faces":{"down":{"uv":[3.9375,9.3125,3.6875,9.5625],"rotation":0,"texture":"#0","tintindex":0},"east":{"uv":[8.375,1.875,8.625,2.375],"rotation":0,"texture":"#0","tintindex":0},"north":{"uv":[1.1875,8.375,1.4375,8.875],"rotation":0,"texture":"#0","tintindex":0},"south":{"uv":[8.0625,8.375,8.3125,8.875],