{"textures":{"0":"modelengine:entity/demoniactrollbis","1":"modelengine:entity/jupefront","2":"modelengine:entity/jupeback"},"elements":[{"name":"head","from":[5.866421,6.154743,5.808757],"to":[10.364235,10.537229,10.767885],"rotation":{"angle":0.0,"axis":"x","origin":[7.5963497,-13.220457,3.2715282]},"faces":{"down":{"uv":[4.6875,4.6875,4.0625,5.4375],"rotation":0,"texture":"#0","tintindex":0},"east":{"uv":[0.0,4.375,0.75,5.0],"rotation":0,"texture":"#0","tintindex":0},"north":{"uv":[0.0,5.0,0.625,5.625],"rotation":0,"texture":"#0","tintindex":0},"south":{"uv":[5.125,0.0,5.75,0.625],"rotation":0,"texture":"#0","tintindex":0},"up":{"uv":[5.3125,3.0,4.6875,2.25],"rotation":0,"texture":"#0","tintindex":0},"west":{"uv":[4.375,0.0,5.125,0.625],"rotation":0,"texture":"#0","tintindex":0}}},{"name":"neck","from":[6.500728,5.116785,8.345985],"to":[9.729929,6.962042,10.191242],"rotation":{"angle":0.0,"axis":"x","origin":[7.654014,-13.220457,3.2715282]},"faces":{"down":{"uv":[8.8125,6.0,8.3125,6.25],"rotation":0,"texture":"#0","tintindex":0},"east":{"uv":[4.6875,3.0,4.9375,3.25],"rotation":0,"texture":"#0","tintindex":0},"north":{"uv":[4.1875,2.25,4.6875,2.5],"rotation":0,"texture":"#0","tintindex":0},"south":{"uv":[8.25,0.875,8.75,1.125],"rotation":0,"texture":"#0","tintindex":0},"up":{"uv":[8.8125,6.0,8.3125,5.75],"rotation":0,"texture":"#0","tintindex":0},"west":{"uv":[3.1875,7.0625,3.4375,7.3125],"rotation":0,"texture":"#0","tintindex":0}}},{"name":"maw","from":[5.635764,4.513657,5.218871],"to":[10.5948925,6.846713,9.153286],"rotation":{"angle":0.0,"axis":"x","origin":[8.029614,2.9335566,4.625857]},"faces":{"down":{"uv":[2.1875,4.9375,1.4375,5.5],"rotation":0,"texture":"#0","tintindex":0},"east":{"uv":[7.6875,0.5,8.25,0.8125],"rotation":0,"texture":"#0","tintindex":0},"north":{"uv":[6.9375,1.6875,7.6875,2.0],"rotation":0,"texture":"#0","tintindex":0},"south":{"uv":[7.0,3.0,7.75,3.3125],"rotation":0,"texture":"#0","tintindex":0},"up":{"uv":[5.6875,1.8125,4.9375,1.25],"rotation":0,"texture":"#0","tintindex":0},"west":{"uv":[7.6875,0.8125,8.25,1.125],"rotation":0,"texture":"#0","tintindex":0}}},{"name":"rightear","from":[9.947343,9.153284,8.288321],"to":[11.719346,10.796717,8.288321],"rotation":{"angle":22.5,"axis":"z","origin":[10.89763,9.975001,8.403649]},"faces":{"down":{"uv":[5.375,4.625,5.125,4.6875],"rotation":0,"texture":"#0","tintindex":0},"east":{"uv":[0.5625,5.625,0.625,5.875],"rotation":0,"texture":"#0","tintindex":0},"north":{"uv":[8.3125,6.75,8.5625,7.0],"rotation":0,"texture":"#0","tintindex":0},"south":{"uv":[8.5625,6.75,8.3125,7.0],"rotation":0,"texture":"#0","tintindex":0},"up":{"uv":[5.125,4.6875,4.875,4.625],"rotation":0,"texture":"#0","tintindex":0},"west":{"uv":[5.625,0.625,5.6875,0.875],"rotation":0,"texture":"#0","tintindex":0}}},{"name":"leftear","from":[4.5113106,9.153284,8.288321],"to":[6.2833138,10.796717,8.288321],"rotation":{"angle":-22.5,"axis":"z","origin":[5.333027,9.975001,8.403649]},"faces":{"down":{"uv":[5.875,4.5625,5.625,4.625],"rotation":0,"texture":"#0","tintindex":0},"east":{"uv":[5.625,0.875,5.6875,1.125],"rotation":0,"texture":"#0","tintindex":0},"north":{"uv":[8.0625,9.1875,8.3125,9.4375],"rotation":0,"texture":"#0","tintindex":0},"south":{"uv":[8.3125,9.1875,8.0625,9.4375],"rotation":0,"texture":"#0","tintindex":0},"up":{"uv":[3.9375,5.4375,3.6875,5.375],"rotation":0,"texture":"#0","tintindex":0},"west":{"uv":[0.5625,5.875,0.625,6.125],"rotation":0,"texture":"#0","tintindex":0}}},{"name":"righttooth","from":[24.895102,-1.7847257,5.4923854],"to":[25.58707,-1.1215863,6.731385],"rotation":{"angle":45.0,"axis":"z","origin":[7.654014,-15.757687,3.9634998]},"faces":{"down":{"uv":[8.4375,9.1875,8.3125,9.375],"rotation":0,"texture":"#0","tintindex":0},"east":{"uv":[4.75,0.625,4.9375,0.75],"rotation":0,"texture":"#0","tintindex":0},"north":{"uv":[5.9375,2.3125,6.0625,2.4375],"rotation":0,"texture":"#0","tintindex":0},"south":{"uv":[6.4375,6.8125,6.5625,6.9375],"rotation":0,"texture":"#0","tintindex":0},"up":{"uv":[4.1875,4.6875,4.0625,4.5],"rotation":0,"texture":"#0","tintindex":0},"west":{"uv":[7.6875,1.875,7.875,2.0],"rotation":0,"texture":"#0","tintindex":0}}},{"name":"righttooth2","from":[24.2951,-1.5275826,5.5780997],"to":[24.987072,-0.8644433,6.731385],"rotation":{"angle":45.0,"axis":"z","origin":[7.654014,-15.757687,3.9634998]},"faces":{"down":{"uv":[4.8125,9.625,4.6875,9.8125],"rotation":0,"texture":"#0","tintindex":0},"east":{"uv":[9.625,4.4375,9.8125,4.5625],"rotation":0,"texture":"#0","tintindex":0},"north":{"uv":[7.75,3.1875,7.875,3.3125],"rotation":0,"texture":"#0","tintindex":0},"south":{"uv":[8.0625,8.25,8.1875,8.375],"rotation":0,"texture":"#0","tintindex":0},"up":{"uv":[2.25,9.8125,2.125,9.625],"rotation":0,"texture":"#0","tintindex":0},"west":{"uv":[4.5,9.625,4.6875,9.75],"rotation":0,"texture":"#0","tintindex":0}}},{"name":"lefttooth","from":[-9.356414,-1.7847257,5.4923854],"to":[-8.664444,-1.1215863,6.731385],"rotation":{"angle":-45.0,"axis":"z","origin":[8.576643,-15.757687,3.9634998]},"faces":{"down":{"uv":[8.3125,9.1875,8.4375,9.375],"rotation":0,"texture":"#0","tintindex":0},"east":{"uv":[7.875,1.875,7.6875,2.0],"rotation":0,"texture":"#0","tintindex":0},"north":{"uv":[6.0625,2.3125,5.9375,2.4375],"rotation":0,"texture":"#0","tintindex":0},"south":{"uv":[6.5625,6.8125,6.4375,6.9375],"rotation":0,"texture":"#0","tintindex":0},"up":{"uv":[4.0625,4.6875,4.1875,4.5],"rotation":0,"texture":"#0","tintindex":0},"west":{"uv":[4.9375,0.625,4.75,0.75],"rotation":0,"texture":"#0","tintindex":0}}},{"name":"lefttooth2","from":[-8.756415,-1.5275826,5.5780997],"to":[-8.064444,-0.8644433,6.731385],"rotation":{"angle":-45.0,"axis":"z","origin":[8.576643,-15.757687,3.9634998]},"faces":{"down":{"uv":[4.6875,9.625,4.8125,9.8125],"rotation":0,"texture":"#0","tintindex":0},"east":{"uv":[4.6875,9.625,4.5,9.75],"rotation":0,"texture":"#0","tintindex":0},"north":{"uv":[7.875,3.1875,7.75,3.3125],"rotation":0,"texture":"#0","tintindex":0},"south":{"uv":[8.1875,8.25,8.0625,8.375],"rotation":0,"texture":"#0","tintindex":0},"up":{"uv":[2.125,9.8125,2.25,9.625],"rotation":0,"texture":"#0","tintindex":0},"west":{"uv":[9.8125,4.4375,9.625,4.5625],"rotation":0,"texture":"#0","tintindex":0}}},{"name":"nose","from":[7.5090714,7.884671,5.1167855],"to":[8.721586,8.494056,6.500728],"rotation":{"angle":0.0,"axis":"x","origin":[7.7397285,7.3080277,3.2715282]},"faces":{"down":{"uv":[9.625,0.75,9.4375,0.9375],"rotation":0,"texture":"#0","tintindex":0},"east":{"uv":[4.75,7.125,4.9375,7.1875],"rotation":0,"texture":"#0","tintindex":0},"north":{"uv":[7.0625,2.5,7.25,2.5625],"rotation":0,"texture":"#0","tintindex":0},"south":{"uv":[4.9375,7.125,5.125,7.1875],"rotation":0,"texture":"#0","tintindex":0},"up":{"uv":[8.9375,1.125,8.75,0.9375],"rotation":0,"texture":"#0","tintindex":0},"west":{"uv":[7.25,2.5,7.4375,2.5625],"rotation":0,"texture":"#0","tintindex":0}}},{"name":"nose","from":[8.280499,7.5418143,5.3310714],"to":[8.464443,8.151199,5.557871],"rotation":{"angle":0.0,"axis":"x","origin":[7.7397285,7.3080277,3.2715282]},"faces":{"down":{"uv":[3.5,6.75,3.4375,6.8125],"rotation":0,"texture":"#0","tintindex":0},"east":{"uv":[4.125,0.75,4.1875,0.8125],"rotation":0,"texture":"#0","tintindex":0},"north":{"uv":[1.0625,2.5,1.125,2.5625],"rotation":0,"texture":"#0","tintindex":0},"south":{"uv":[3.25,4.875,3.3125,4.9375],"rotation":0,"texture":"#0","tintindex":0},"up":{"uv":[2.0,6.5,1.9375,6.4375],"rotation":0,"texture":"#0","tintindex":0},"west":{"uv":[5.375,4.625,5.4375,4.6875],"rotation":0,"texture":"#0","tintindex":0}}},{"name":"nose","from":[7.7555,7.5418143,5.3310714],"to":[7.950157,8.151199,5.557871],"rotation":{"angle":0.0,"axis":"x","origin":[8.490929,7.3080277,3.2715282]},"faces":{"down":{"uv":[5.375,7.6875,5.3125,7.75],"rotation":0,"texture":"#0","tintindex":0},"east":{"uv":[3.875,7.5625,3.9375,7.625],"rotation":0,"texture":"#0","tintindex":0},"north":{"uv":[5.125,7.125,5.1875,7.1875],"rotation":0,"texture":"#0","tintindex":0},