{"textures":{"0":"modelengine:entity/demoniactrollbis","1":"modelengine:entity/jupefront","2":"modelengine:entity/jupeback"},"elements":[{"name":"cube","from":[7.1108,6.084799,7.316],"to":[8.615601,8.547199,8.752399],"rotation":{"angle":0.0,"axis":"x","origin":[4.4432,4.101199,10.9412]},"faces":{"down":{"uv":[9.9375,0.625,9.75,0.75],"rotation":0,"texture":"#0","tintindex":0},"east":{"uv":[9.5625,3.6875,9.6875,3.9375],"rotation":0,"texture":"#0","tintindex":0},"north":{"uv":[9.5,3.1875,9.6875,3.4375],"rotation":0,"texture":"#0","tintindex":0},"south":{"uv":[3.25,9.5,3.4375,9.75],"rotation":0,"texture":"#0","tintindex":0},"up":{"uv":[9.9375,0.625,9.75,0.5],"rotation":0,"texture":"#0","tintindex":0},"west":{"uv":[3.75,9.5625,3.875,9.8125],"rotation":0,"texture":"#0","tintindex":0}}},{"name":"cube","from":[7.658,5.811198,8.136801],"to":[8.8208,8.273599,9.5048],"rotation":{"angle":0.0,"axis":"x","origin":[4.4432,4.101199,10.9412]},"faces":{"down":{"uv":[1.5625,9.8125,1.4375,9.9375],"rotation":0,"texture":"#0","tintindex":0},"east":{"uv":[9.5625,4.1875,9.6875,4.4375],"rotation":0,"texture":"#0","tintindex":0},"north":{"uv":[9.5625,3.9375,9.6875,4.1875],"rotation":0,"texture":"#0","tintindex":0},"south":{"uv":[9.5625,4.8125,9.6875,5.0625],"rotation":0,"texture":"#0","tintindex":0},"up":{"uv":[1.4375,9.9375,1.3125,9.8125],"rotation":0,"texture":"#0","tintindex":0},"west":{"uv":[5.25,9.5625,5.375,9.8125],"rotation":0,"texture":"#0","tintindex":0}}},{"name":"cube","from":[6.7688,5.3323984,7.7264],"to":[7.5896,8.136798,9.1628],"rotation":{"angle":0.0,"axis":"x","origin":[4.4432,4.101199,10.9412]},"faces":{"down":{"uv":[1.1875,7.625,1.125,7.75],"rotation":0,"texture":"#0","tintindex":0},"east":{"uv":[4.0625,4.1875,4.1875,4.5],"rotation":0,"texture":"#0","tintindex":0},"north":{"uv":[1.0625,1.875,1.125,2.1875],"rotation":0,"texture":"#0","tintindex":0},"south":{"uv":[1.0625,2.1875,1.125,2.5],"rotation":0,"texture":"#0","tintindex":0},"up":{"uv":[7.5625,2.5,7.5,2.375],"rotation":0,"texture":"#0","tintindex":0},"west":{"uv":[0.75,4.375,0.875,4.6875],"rotation":0,"texture":"#0","tintindex":0}}},{"name":"cube","from":[7.2134,8.307799,7.5554],"to":[8.5130005,9.470599,8.7866],"rotation":{"angle":22.5,"axis":"x","origin":[7.658,8.684,8.0]},"faces":{"down":{"uv":[8.9375,9.75,8.8125,9.875],"rotation":0,"texture":"#0","tintindex":0},"east":{"uv":[8.3125,9.75,8.4375,9.875],"rotation":0,"texture":"#0","tintindex":0},"north":{"uv":[9.75,8.25,9.875,8.375],"rotation":0,"texture":"#0","tintindex":0},"south":{"uv":[9.75,8.5,9.875,8.625],"rotation":0,"texture":"#0","tintindex":0},"up":{"uv":[8.8125,9.875,8.6875,9.75],"rotation":0,"texture":"#0","tintindex":0},"west":{"uv":[8.5625,9.75,8.6875,9.875],"rotation":0,"texture":"#0","tintindex":0}}},{"name":"cube","from":[7.4528003,9.4363985,7.7948],"to":[8.2736,10.120398,8.5472],"rotation":{"angle":22.5,"axis":"x","origin":[7.658,8.684,8.0]},"faces":{"down":{"uv":[0.125,9.8125,0.0,9.9375],"rotation":0,"texture":"#0","tintindex":0},"east":{"uv":[9.0625,9.75,9.1875,9.875],"rotation":0,"texture":"#0","tintindex":0},"north":{"uv":[8.9375,9.75,9.0625,9.875],"rotation":0,"texture":"#0","tintindex":0},"south":{"uv":[9.1875,9.75,9.3125,9.875],"rotation":0,"texture":"#0","tintindex":0},"up":{"uv":[9.5625,9.875,9.4375,9.75],"rotation":0,"texture":"#0","tintindex":0},"west":{"uv":[9.3125,9.75,9.4375,9.875],"rotation":0,"texture":"#0","tintindex":0}}},{"name":"cube","from":[7.7264,10.120399,8.0684],"to":[8.0,10.287199,8.2736],"rotation":{"angle":22.5,"axis":"x","origin":[7.658,8.684,8.0]},"faces":{"down":{"uv":[1.3125,9.8125,1.1875,9.9375],"rotation":0,"texture":"#0","tintindex":0},"east":{"uv":[0.6875,9.8125,0.8125,9.9375],"rotation":0,"texture":"#0","tintindex":0},"north":{"uv":[0.125,9.8125,0.25,9.9375],"rotation":0,"texture":"#0","tintindex":0},"south":{"uv":[0.8125,9.8125,0.9375,9.9375],"rotation":0,"texture":"#0","tintindex":0},"up":{"uv":[1.1875,9.9375,1.0625,9.8125],"rotation":0,"texture":"#0","tintindex":0},"west":{"uv":[0.9375,9.8125,1.0625,9.9375],"rotation":0,"texture":"#0","tintindex":0}}}],"display":{"head":{"translation":[0.0,-6.4,0.0],"rotation":[0.0,0.0,0.0],"scale":[3.8095,3.8095,3.8095]}}}