{"textures":{"0":"modelengine:entity/demoniactrollbis","1":"modelengine:entity/jupefront","2":"modelengine:entity/jupeback"},"elements":[{"name":"cube","from":[0.9827659,7.2853875,5.09372],"to":[9.217226,8.921888,12.0365],"rotation":{"angle":0.0,"axis":"x","origin":[8.2484665,8.927287,8.0]},"faces":{"down":{"uv":[4.6875,2.5,3.8125,3.25],"rotation":0,"texture":"#0","tintindex":0},"east":{"uv":[8.125,4.9375,8.875,5.125],"rotation":0,"texture":"#0","tintindex":0},"north":{"uv":[7.6875,1.6875,8.5625,1.875],"rotation":0,"texture":"#0","tintindex":0},"south":{"uv":[7.75,3.0,8.625,3.1875],"rotation":0,"texture":"#0","tintindex":0},"up":{"uv":[0.875,4.375,0.0,3.625],"rotation":0,"texture":"#0","tintindex":0},"west":{"uv":[5.0625,8.125,5.8125,8.3125],"rotation":0,"texture":"#0","tintindex":0}}},{"name":"cube","from":[2.3027658,7.945387,5.57372],"to":[8.7372265,10.481889,11.5565],"rotation":{"angle":0.0,"axis":"x","origin":[8.2484665,8.927287,8.0]},"faces":{"down":{"uv":[4.9375,1.5,4.1875,2.25],"rotation":0,"texture":"#0","tintindex":0},"east":{"uv":[6.6875,3.6875,7.4375,4.0625],"rotation":0,"texture":"#0","tintindex":0},"north":{"uv":[6.5,3.3125,7.25,3.6875],"rotation":0,"texture":"#0","tintindex":0},"south":{"uv":[6.6875,4.0625,7.4375,4.4375],"rotation":0,"texture":"#0","tintindex":0},"up":{"uv":[4.9375,1.5,4.1875,0.75],"rotation":0,"texture":"#0","tintindex":0},"west":{"uv":[4.4375,6.75,5.1875,7.125],"rotation":0,"texture":"#0","tintindex":0}}},{"name":"cube","from":[3.562766,10.481888,7.19372],"to":[7.297226,11.038387,9.9965],"rotation":{"angle":0.0,"axis":"x","origin":[8.2484665,8.883788,8.0]},"faces":{"down":{"uv":[8.1875,0.125,7.6875,0.5],"rotation":0,"texture":"#0","tintindex":0},"east":{"uv":[9.1875,5.75,9.5625,5.9375],"rotation":0,"texture":"#0","tintindex":0},"north":{"uv":[9.125,8.125,9.625,8.3125],"rotation":0,"texture":"#0","tintindex":0},"south":{"uv":[9.125,8.3125,9.625,8.5],"rotation":0,"texture":"#0","tintindex":0},"up":{"uv":[8.125,5.3125,7.625,4.9375],"rotation":0,"texture":"#0","tintindex":0},"west":{"uv":[9.1875,5.9375,9.5625,6.125],"rotation":0,"texture":"#0","tintindex":0}}},{"name":"cube","from":[4.732766,8.621889,7.55372],"to":[7.5672264,11.938388,9.636499],"rotation":{"angle":-45.0,"axis":"z","origin":[5.368466,11.163788,8.0]},"faces":{"down":{"uv":[1.8125,8.5625,1.4375,8.875],"rotation":0,"texture":"#0","tintindex":0},"east":{"uv":[8.25,3.8125,8.5625,4.25],"rotation":0,"texture":"#0","tintindex":0},"north":{"uv":[2.8125,7.5625,3.1875,8.0],"rotation":0,"texture":"#0","tintindex":0},"south":{"uv":[0.0,7.6875,0.375,8.125],"rotation":0,"texture":"#0","tintindex":0},"up":{"uv":[8.9375,1.4375,8.5625,1.125],"rotation":0,"texture":"#0","tintindex":0},"west":{"uv":[4.125,8.25,4.4375,8.6875],"rotation":0,"texture":"#0","tintindex":0}}}],"display":{"head":{"translation":[0.0,-6.4,0.0],"rotation":[0.0,0.0,0.0],"scale":[3.8095,3.8095,3.8095]}}}