{"textures":{"0":"modelengine:entity/demoniactrollbis","1":"modelengine:entity/jupefront","2":"modelengine:entity/jupeback"},"elements":[{"name":"forearm","from":[5.90102,1.3757606,6.06248],"to":[9.937521,8.32292,10.58336],"rotation":{"angle":0.0,"axis":"x","origin":[16.39592,-14.442941,2.0259795]},"faces":{"down":{"uv":[3.625,7.3125,3.1875,7.8125],"rotation":0,"texture":"#0","tintindex":0},"east":{"uv":[4.9375,3.0,5.4375,3.8125],"rotation":0,"texture":"#0","tintindex":0},"north":{"uv":[5.125,5.9375,5.5625,6.75],"rotation":0,"texture":"#0","tintindex":0},"south":{"uv":[5.9375,5.3125,6.375,6.125],"rotation":0,"texture":"#0","tintindex":0},"up":{"uv":[5.6875,7.6875,5.25,7.1875],"rotation":0,"texture":"#0","tintindex":0},"west":{"uv":[3.1875,4.9375,3.6875,5.75],"rotation":0,"texture":"#0","tintindex":0}}},{"name":"forearm","from":[5.7510204,1.4057602,5.9124794],"to":[10.087521,4.5729194,10.73336],"rotation":{"angle":0.0,"axis":"x","origin":[16.39592,-14.442941,2.0259795]},"faces":{"down":{"uv":[7.8125,7.375,7.375,7.875],"rotation":0,"texture":"#0","tintindex":0},"east":{"uv":[7.5,7.0,8.0,7.375],"rotation":0,"texture":"#0","tintindex":0},"north":{"uv":[4.875,7.6875,5.3125,8.0625],"rotation":0,"texture":"#0","tintindex":0},"south":{"uv":[5.3125,7.75,5.75,8.125],"rotation":0,"texture":"#0","tintindex":0},"up":{"uv":[7.375,7.875,6.9375,7.375],"rotation":0,"texture":"#0","tintindex":0},"west":{"uv":[2.3125,7.5625,2.8125,7.9375],"rotation":0,"texture":"#0","tintindex":0}}},{"name":"cube","from":[5.5688295,-2.9885511,5.7302895],"to":[10.269711,1.3894105,10.91555],"rotation":{"angle":0.0,"axis":"x","origin":[16.39592,-14.442941,2.0259795]},"faces":{"down":{"uv":[7.1875,0.125,6.6875,0.6875],"rotation":0,"texture":"#0","tintindex":0},"east":{"uv":[7.0,2.5625,7.5625,3.0],"rotation":0,"texture":"#0","tintindex":0},"north":{"uv":[5.6875,7.3125,6.1875,7.75],"rotation":0,"texture":"#0","tintindex":0},"south":{"uv":[1.4375,7.375,1.9375,7.8125],"rotation":0,"texture":"#0","tintindex":0},"up":{"uv":[7.0625,6.9375,6.5625,6.375],"rotation":0,"texture":"#0","tintindex":0},"west":{"uv":[7.0,4.5625,7.5625,5.0],"rotation":0,"texture":"#0","tintindex":0}}}],"display":{"head":{"translation":[0.0,-6.4,0.0],"rotation":[0.0,0.0,0.0],"scale":[3.8095,3.8095,3.8095]}}}