{"textures":{"0":"modelengine:entity/demoniactrollbis","1":"modelengine:entity/jupefront","2":"modelengine:entity/jupeback"},"elements":[{"name":"cube","from":[5.6588297,5.7425337,3.7084725],"to":[10.341169,8.487354,8.390813],"rotation":{"angle":0.0,"axis":"x","origin":[10.341169,5.7425337,2.9011729]},"faces":{"down":{"uv":[1.9375,6.875,1.4375,7.375],"rotation":0,"texture":"#0","tintindex":0},"east":{"uv":[7.8125,7.6875,8.3125,8.0],"rotation":0,"texture":"#0","tintindex":0},"north":{"uv":[7.8125,7.375,8.3125,7.6875],"rotation":0,"texture":"#0","tintindex":0},"south":{"uv":[7.875,1.875,8.375,2.1875],"rotation":0,"texture":"#0","tintindex":0},"up":{"uv":[6.4375,7.3125,5.9375,6.8125],"rotation":0,"texture":"#0","tintindex":0},"west":{"uv":[7.875,2.1875,8.375,2.5],"rotation":0,"texture":"#0","tintindex":0}}},{"name":"cube","from":[8.363285,5.8041496,2.4108598],"to":[10.139345,7.41875,3.7025397],"rotation":{"angle":0.0,"axis":"x","origin":[10.341169,5.8041496,2.8952396]},"faces":{"down":{"uv":[9.25,2.8125,9.0625,2.9375],"rotation":0,"texture":"#0","tintindex":0},"east":{"uv":[1.4375,9.625,1.5625,9.8125],"rotation":0,"texture":"#0","tintindex":0},"north":{"uv":[9.5,6.3125,9.6875,6.5],"rotation":0,"texture":"#0","tintindex":0},"south":{"uv":[6.375,9.5,6.5625,9.6875],"rotation":0,"texture":"#0","tintindex":0},"up":{"uv":[5.75,9.125,5.5625,9.0],"rotation":0,"texture":"#0","tintindex":0},"west":{"uv":[1.5625,9.625,1.6875,9.8125],"rotation":0,"texture":"#0","tintindex":0}}},{"name":"cube","from":[5.860655,5.8041496,2.4108598],"to":[7.636715,7.41875,3.7025397],"rotation":{"angle":0.0,"axis":"x","origin":[10.341169,5.8041496,2.8952396]},"faces":{"down":{"uv":[4.1875,9.0,4.0,9.125],"rotation":0,"texture":"#0","tintindex":0},"east":{"uv":[1.1875,9.625,1.3125,9.8125],"rotation":0,"texture":"#0","tintindex":0},"north":{"uv":[9.5,5.25,9.6875,5.4375],"rotation":0,"texture":"#0","tintindex":0},"south":{"uv":[9.5,6.125,9.6875,6.3125],"rotation":0,"texture":"#0","tintindex":0},"up":{"uv":[8.9375,1.5625,8.75,1.4375],"rotation":0,"texture":"#0","tintindex":0},"west":{"uv":[1.3125,9.625,1.4375,9.8125],"rotation":0,"texture":"#0","tintindex":0}}}],"display":{"head":{"translation":[0.0,-6.4,0.0],"rotation":[0.0,0.0,0.0],"scale":[3.8095,3.8095,3.8095]}}}