{"textures":{"0":"modelengine:entity/demoniactrollbis","1":"modelengine:entity/jupefront","2":"modelengine:entity/jupeback"},"elements":[{"name":"cube","from":[5.5781,6.7083187,5.2551804],"to":[11.55212,9.13022,11.06774],"rotation":{"angle":0.0,"axis":"x","origin":[16.55738,-14.765861,1.8645201]},"faces":{"down":{"uv":[5.3125,5.3125,4.6875,5.9375],"rotation":0,"texture":"#0","tintindex":0},"east":{"uv":[7.875,3.4375,8.5,3.6875],"rotation":0,"texture":"#0","tintindex":0},"north":{"uv":[7.875,3.1875,8.5,3.4375],"rotation":0,"texture":"#0","tintindex":0},"south":{"uv":[7.875,5.5,8.5,5.75],"rotation":0,"texture":"#0","tintindex":0},"up":{"uv":[5.9375,2.4375,5.3125,1.8125],"rotation":0,"texture":"#0","tintindex":0},"west":{"uv":[6.9375,7.875,7.5625,8.125],"rotation":0,"texture":"#0","tintindex":0}}},{"name":"cube","from":[5.7395597,2.5103593,5.5781],"to":[10.4219,9.130219,10.744822],"rotation":{"angle":0.0,"axis":"x","origin":[16.55738,-14.765861,1.8645201]},"faces":{"down":{"uv":[7.0,4.5625,6.5,5.125],"rotation":0,"texture":"#0","tintindex":0},"east":{"uv":[0.625,5.5625,1.1875,6.25],"rotation":0,"texture":"#0","tintindex":0},"north":{"uv":[5.5625,6.125,6.0625,6.8125],"rotation":0,"texture":"#0","tintindex":0},"south":{"uv":[6.0625,6.125,6.5625,6.8125],"rotation":0,"texture":"#0","tintindex":0},"up":{"uv":[3.4375,7.0625,2.9375,6.5],"rotation":0,"texture":"#0","tintindex":0},"west":{"uv":[0.0,5.625,0.5625,6.3125],"rotation":0,"texture":"#0","tintindex":0}}},{"name":"cube","from":[6.25076,1.5601398,6.0893],"to":[9.9107,7.1575994,10.23362],"rotation":{"angle":0.0,"axis":"x","origin":[16.55738,-14.765861,1.8645201]},"faces":{"down":{"uv":[7.0625,5.8125,6.5625,6.375],"rotation":0,"texture":"#0","tintindex":0},"east":{"uv":[5.625,3.75,6.1875,4.4375],"rotation":0,"texture":"#0","tintindex":0},"north":{"uv":[1.4375,6.1875,1.9375,6.875],"rotation":0,"texture":"#0","tintindex":0},"south":{"uv":[6.1875,3.75,6.6875,4.4375],"rotation":0,"texture":"#0","tintindex":0},"up":{"uv":[7.0625,2.5625,6.5625,2.0],"rotation":0,"texture":"#0","tintindex":0},"west":{"uv":[5.6875,0.625,6.25,1.3125],"rotation":0,"texture":"#0","tintindex":0}}}],"display":{"head":{"translation":[0.0,-6.4,0.0],"rotation":[0.0,0.0,0.0],"scale":[3.8095,3.8095,3.8095]}}}