{"textures":{"0":"modelengine:entity/demoniactrollbis","1":"modelengine:entity/jupefront","2":"modelengine:entity/jupeback"},"elements":[{"name":"cube","from":[8.842537,9.960289,7.19372],"to":[12.576996,10.5167885,9.9965],"rotation":{"angle":0.0,"axis":"x","origin":[7.891296,8.362189,8.0]},"faces":{"down":{"uv":[4.875,7.625,4.375,8.0],"rotation":0,"texture":"#0","tintindex":0},"east":{"uv":[8.5,3.5,8.875,3.6875],"rotation":0,"texture":"#0","tintindex":0},"north":{"uv":[4.9375,3.8125,5.4375,4.0],"rotation":0,"texture":"#0","tintindex":0},"south":{"uv":[9.0625,5.0625,9.5625,5.25],"rotation":0,"texture":"#0","tintindex":0},"up":{"uv":[4.375,8.0,3.875,7.625],"rotation":0,"texture":"#0","tintindex":0},"west":{"uv":[9.1875,5.5625,9.5625,5.75],"rotation":0,"texture":"#0","tintindex":0}}},{"name":"cube","from":[8.572536,8.10029,7.55372],"to":[11.406996,11.416789,9.636499],"rotation":{"angle":45.0,"axis":"z","origin":[10.771296,10.642189,8.0]},"faces":{"down":{"uv":[8.9375,0.0,8.5625,0.3125],"rotation":0,"texture":"#0","tintindex":0},"east":{"uv":[2.625,8.25,2.9375,8.6875],"rotation":0,"texture":"#0","tintindex":0},"north":{"uv":[4.9375,1.8125,5.3125,2.25],"rotation":0,"texture":"#0","tintindex":0},"south":{"uv":[3.6875,4.9375,4.0625,5.375],"rotation":0,"texture":"#0","tintindex":0},"up":{"uv":[7.3125,8.8125,6.9375,8.5],"rotation":0,"texture":"#0","tintindex":0},"west":{"uv":[3.8125,8.25,4.125,8.6875],"rotation":0,"texture":"#0","tintindex":0}}},{"name":"cube","from":[7.4025364,7.4237905,5.57372],"to":[13.836996,9.96029,11.5565],"rotation":{"angle":0.0,"axis":"x","origin":[7.891296,8.405688,8.0]},"faces":{"down":{"uv":[4.0625,4.1875,3.3125,4.9375],"rotation":0,"texture":"#0","tintindex":0},"east":{"uv":[6.875,5.125,7.625,5.5],"rotation":0,"texture":"#0","tintindex":0},"north":{"uv":[5.1875,6.8125,5.9375,7.1875],"rotation":0,"texture":"#0","tintindex":0},"south":{"uv":[6.9375,0.6875,7.6875,1.0625],"rotation":0,"texture":"#0","tintindex":0},"up":{"uv":[4.9375,4.0,4.1875,3.25],"rotation":0,"texture":"#0","tintindex":0},"west":{"uv":[6.9375,1.0625,7.6875,1.4375],"rotation":0,"texture":"#0","tintindex":0}}},{"name":"cube","from":[6.922536,6.763788,5.09372],"to":[15.156996,8.40029,12.0365],"rotation":{"angle":0.0,"axis":"x","origin":[7.891296,8.405688,8.0]},"faces":{"down":{"uv":[4.375,0.0,3.5,0.75],"rotation":0,"texture":"#0","tintindex":0},"east":{"uv":[8.0625,4.5625,8.8125,4.75],"rotation":0,"texture":"#0","tintindex":0},"north":{"uv":[7.625,5.3125,8.5,5.5],"rotation":0,"texture":"#0","tintindex":0},"south":{"uv":[7.6875,1.125,8.5625,1.3125],"rotation":0,"texture":"#0","tintindex":0},"up":{"uv":[4.1875,4.1875,3.3125,3.4375],"rotation":0,"texture":"#0","tintindex":0},"west":{"uv":[8.0625,4.75,8.8125,4.9375],"rotation":0,"texture":"#0","tintindex":0}}}],"display":{"head":{"translation":[0.0,-6.4,0.0],"rotation":[0.0,0.0,0.0],"scale":[3.8095,3.8095,3.8095]}}}