{"textures":{"0":"modelengine:entity/demoniactrollbis","1":"modelengine:entity/jupefront","2":"modelengine:entity/jupeback"},"elements":[{"name":"forearm","from":[6.06248,1.3757595,6.06248],"to":[10.09898,8.32292,10.58336],"rotation":{"angle":0.0,"axis":"x","origin":[-0.39592052,-14.442941,2.0259795]},"faces":{"down":{"uv":[4.75,7.125,4.3125,7.625],"rotation":0,"texture":"#0","tintindex":0},"east":{"uv":[2.1875,4.9375,2.6875,5.75],"rotation":0,"texture":"#0","tintindex":0},"north":{"uv":[5.5625,5.9375,5.125,6.75],"rotation":0,"texture":"#0","tintindex":0},"south":{"uv":[6.375,5.3125,5.9375,6.125],"rotation":0,"texture":"#0","tintindex":0},"up":{"uv":[7.5,6.75,7.0625,6.25],"rotation":0,"texture":"#0","tintindex":0},"west":{"uv":[2.6875,4.9375,3.1875,5.75],"rotation":0,"texture":"#0","tintindex":0}}},{"name":"forearm","from":[5.9124794,1.4057602,5.9124794],"to":[10.24898,4.5729194,10.73336],"rotation":{"angle":0.0,"axis":"x","origin":[-0.39592052,-14.442941,2.0259795]},"faces":{"down":{"uv":[7.875,3.3125,7.4375,3.8125],"rotation":0,"texture":"#0","tintindex":0},"east":{"uv":[7.5625,2.625,8.0625,3.0],"rotation":0,"texture":"#0","tintindex":0},"north":{"uv":[5.75,7.75,6.1875,8.125],"rotation":0,"texture":"#0","tintindex":0},"south":{"uv":[1.4375,7.8125,1.875,8.1875],"rotation":0,"texture":"#0","tintindex":0},"up":{"uv":[0.8125,7.9375,0.375,7.4375],"rotation":0,"texture":"#0","tintindex":0},"west":{"uv":[7.5625,4.5625,8.0625,4.9375],"rotation":0,"texture":"#0","tintindex":0}}},{"name":"cube","from":[5.7302895,-2.9885511,5.7302895],"to":[10.43117,1.3894094,10.91555],"rotation":{"angle":0.0,"axis":"x","origin":[-0.39592052,-14.442941,2.0259795]},"faces":{"down":{"uv":[7.0,2.75,6.5,3.3125],"rotation":0,"texture":"#0","tintindex":0},"east":{"uv":[6.9375,6.9375,7.5,7.375],"rotation":0,"texture":"#0","tintindex":0},"north":{"uv":[7.1875,0.125,7.6875,0.5625],"rotation":0,"texture":"#0","tintindex":0},"south":{"uv":[4.75,7.1875,5.25,7.625],"rotation":0,"texture":"#0","tintindex":0},"up":{"uv":[2.9375,7.0625,2.4375,6.5],"rotation":0,"texture":"#0","tintindex":0},"west":{"uv":[0.4375,7.0,1.0,7.4375],"rotation":0,"texture":"#0","tintindex":0}}}],"display":{"head":{"translation":[0.0,-6.4,0.0],"rotation":[0.0,0.0,0.0],"scale":[3.8095,3.8095,3.8095]}}}