{"textures":{"0":"modelengine:entity/demoniactrollbis","1":"modelengine:entity/jupefront","2":"modelengine:entity/jupeback"},"elements":[{"name":"cube","from":[4.44788,6.7083187,5.2551804],"to":[10.4219,9.1302185,11.06774],"rotation":{"angle":0.0,"axis":"x","origin":[-0.5573807,-14.765861,1.8645201]},"faces":{"down":{"uv":[6.0625,2.4375,5.4375,3.0625],"rotation":0,"texture":"#0","tintindex":0},"east":{"uv":[1.875,7.9375,2.5,8.1875],"rotation":0,"texture":"#0","tintindex":0},"north":{"uv":[8.5,3.1875,7.875,3.4375],"rotation":0,"texture":"#0","tintindex":0},"south":{"uv":[8.5,5.5,7.875,5.75],"rotation":0,"texture":"#0","tintindex":0},"up":{"uv":[5.9375,5.9375,5.3125,5.3125],"rotation":0,"texture":"#0","tintindex":0},"west":{"uv":[3.875,8.0,4.5,8.25],"rotation":0,"texture":"#0","tintindex":0}}},{"name":"cube","from":[5.5780997,2.5103593,5.5781],"to":[10.260439,9.130219,10.744822],"rotation":{"angle":0.0,"axis":"x","origin":[-0.5573807,-14.765861,1.8645201]},"faces":{"down":{"uv":[6.9375,0.875,6.4375,1.4375],"rotation":0,"texture":"#0","tintindex":0},"east":{"uv":[5.4375,3.0625,6.0,3.75],"rotation":0,"texture":"#0","tintindex":0},"north":{"uv":[6.0625,6.125,5.5625,6.8125],"rotation":0,"texture":"#0","tintindex":0},"south":{"uv":[6.5625,6.125,6.0625,6.8125],"rotation":0,"texture":"#0","tintindex":0},"up":{"uv":[6.875,5.8125,6.375,5.25],"rotation":0,"texture":"#0","tintindex":0},"west":{"uv":[3.6875,5.4375,4.25,6.125],"rotation":0,"texture":"#0","tintindex":0}}},{"name":"cube","from":[6.0893,1.5601398,6.0893],"to":[9.749239,7.1575994,10.23362],"rotation":{"angle":0.0,"axis":"x","origin":[-0.5573807,-14.765861,1.8645201]},"faces":{"down":{"uv":[2.4375,6.5,1.9375,7.0625],"rotation":0,"texture":"#0","tintindex":0},"east":{"uv":[5.4375,4.625,6.0,5.3125],"rotation":0,"texture":"#0","tintindex":0},"north":{"uv":[6.0625,2.0625,6.5625,2.75],"rotation":0,"texture":"#0","tintindex":0},"south":{"uv":[3.5,6.125,4.0,6.8125],"rotation":0,"texture":"#0","tintindex":0},"up":{"uv":[6.9375,2.0,6.4375,1.4375],"rotation":0,"texture":"#0","tintindex":0},"west":{"uv":[1.4375,5.5,2.0,6.1875],"rotation":0,"texture":"#0","tintindex":0}}}],"display":{"head":{"translation":[0.0,-6.4,0.0],"rotation":[0.0,0.0,0.0],"scale":[3.8095,3.8095,3.8095]}}}