{"textures":{"0":"modelengine:entity/demoniactrollbis","1":"modelengine:entity/jupefront","2":"modelengine:entity/jupeback"},"elements":[{"name":"cube","from":[5.82029,5.8041496,4.0254593],"to":[10.50263,8.548969,8.7078],"rotation":{"angle":0.0,"axis":"x","origin":[5.82029,5.8041496,3.2181592]},"faces":{"down":{"uv":[3.9375,6.8125,3.4375,7.3125],"rotation":0,"texture":"#0","tintindex":0},"east":{"uv":[7.8125,6.0625,8.3125,6.375],"rotation":0,"texture":"#0","tintindex":0},"north":{"uv":[7.8125,5.75,8.3125,6.0625],"rotation":0,"texture":"#0","tintindex":0},"south":{"uv":[7.8125,6.375,8.3125,6.6875],"rotation":0,"texture":"#0","tintindex":0},"up":{"uv":[6.25,0.625,5.75,0.125],"rotation":0,"texture":"#0","tintindex":0},"west":{"uv":[7.8125,6.6875,8.3125,7.0],"rotation":0,"texture":"#0","tintindex":0}}},{"name":"cube","from":[8.524745,5.844515,2.7337794],"to":[10.300805,7.459115,4.0254593],"rotation":{"angle":0.0,"axis":"x","origin":[5.82029,5.844515,3.2181592]},"faces":{"down":{"uv":[8.75,1.4375,8.5625,1.5625],"rotation":0,"texture":"#0","tintindex":0},"east":{"uv":[9.5625,5.0625,9.6875,5.25],"rotation":0,"texture":"#0","tintindex":0},"north":{"uv":[3.4375,9.5,3.625,9.6875],"rotation":0,"texture":"#0","tintindex":0},"south":{"uv":[4.3125,9.5,4.5,9.6875],"rotation":0,"texture":"#0","tintindex":0},"up":{"uv":[8.625,4.5625,8.4375,4.4375],"rotation":0,"texture":"#0","tintindex":0},"west":{"uv":[9.625,0.75,9.75,0.9375],"rotation":0,"texture":"#0","tintindex":0}}},{"name":"cube","from":[6.0221148,5.844515,2.7337794],"to":[7.7981753,7.459115,4.0254593],"rotation":{"angle":0.0,"axis":"x","origin":[5.82029,5.844515,3.2181592]},"faces":{"down":{"uv":[4.375,8.6875,4.1875,8.8125],"rotation":0,"texture":"#0","tintindex":0},"east":{"uv":[0.9375,9.625,1.0625,9.8125],"rotation":0,"texture":"#0","tintindex":0},"north":{"uv":[9.5,4.625,9.6875,4.8125],"rotation":0,"texture":"#0","tintindex":0},"south":{"uv":[4.9375,9.5,5.125,9.6875],"rotation":0,"texture":"#0","tintindex":0},"up":{"uv":[8.8125,4.5625,8.625,4.4375],"rotation":0,"texture":"#0","tintindex":0},"west":{"uv":[1.0625,9.625,1.1875,9.8125],"rotation":0,"texture":"#0","tintindex":0}}}],"display":{"head":{"translation":[0.0,-6.4,0.0],"rotation":[0.0,0.0,0.0],"scale":[3.8095,3.8095,3.8095]}}}